Pos,Navn,Hold,Scout,Point,FL,BJ,KB,NED,Bro,TT,PRL,SP,ACC,UDH,MOD,RES,BK
1,POGAČAR Tadej,UAE Team Emirates - XRG,,11610,,,,,,,,,,,,,
2,VINGEGAARD Jonas,Team Visma | Lease a Bike,,6885,,,,,,,,,,,,,
3,DEL TORO Isaac,UAE Team Emirates - XRG,,6789,,,,,,,,,,,,,
4,EVENEPOEL Remco,Red Bull - BORA - hansgrohe,,5626,,,,,,,,,,,,,
5,PIDCOCK Thomas,Pinarello Q36.5 Pro Cycling Team,,4320,,,,,,,,,,,,,
6,ALMEIDA João,UAE Team Emirates - XRG,,4082,,,,,,,,,,,,,
7,PEDERSEN Mads,Lidl - Trek,,3945,,,,,,,,,,,,,
8,VAN DER POEL Mathieu,Alpecin-Premier Tech,,3693,,,,,,,,,,,,,
9,VAN AERT Wout,Team Visma | Lease a Bike,,3560,,,,,,,,,,,,,
10,PHILIPSEN Jasper,Alpecin-Premier Tech,,3174,,,,,,,,,,,,,
11,DE LIE Arnaud,Lotto Intermarché,,3007,,,,,,,,,,,,,
12,VINE Jay,UAE Team Emirates - XRG,,2788,,,,,,,,,,,,,
13,HEALY Ben,EF Education - EasyPost,,2690,,,,,,,,,,,,,
14,CICCONE Giulio,Lidl - Trek,,2611,,,,,,,,,,,,,
15,VAUQUELIN Kévin,INEOS Grenadiers,,2578,,,,,,,,,,,,,
16,ONLEY Oscar,INEOS Grenadiers,,2565,,,,,,,,,,,,,
17,GALL Felix,Decathlon CMA CGM Team,,2543,,,,,,,,,,,,,
18,ANDRESEN Tobias Lund,Decathlon CMA CGM Team,,2514,,,,,,,,,,,,,
19,SCARONI Christian,XDS Astana Team,,2495,,,,,,,,,,,,,
20,LIPOWITZ Florian,Red Bull - BORA - hansgrohe,,2467,,,,,,,,,,,,,
21,MARTINEZ Lenny,Bahrain - Victorious,,2443,,,,,,,,,,,,,
22,GRÉGOIRE Romain,Groupama - FDJ United,,2291,,,,,,,,,,,,,
23,SKJELMOSE Mattias,Lidl - Trek,,2230,,,,,,,,,,,,,
24,MCNULTY Brandon,UAE Team Emirates - XRG,,2223,,,,,,,,,,,,,
25,PELLIZZARI Giulio,Red Bull - BORA - hansgrohe,,2178,,,,,,,,,,,,,
26,SCHMID Mauro,Team Jayco AlUla,,2119,,,,,,,,,,,,,
27,MAGNIER Paul,Soudal Quick-Step,,2047,,,,,,,,,,,,,
28,JORGENSON Matteo,Team Visma | Lease a Bike,,1944,,,,,,,,,,,,,
29,JOHANNESSEN Tobias Halland,Uno-X Mobility,,1904,,,,,,,,,,,,,
30,YATES Simon,,,1867,,,,,,,,,,,,,
31,CHRISTEN Jan,UAE Team Emirates - XRG,,1863,,,,,,,,,,,,,
32,SEIXAS Paul,Decathlon CMA CGM Team,,1849,,,,,,,,,,,,,
33,GIRMAY Biniam,NSN Cycling Team,,1817,,,,,,,,,,,,,
34,CARAPAZ Richard,EF Education - EasyPost,,1796,,,,,,,,,,,,,
35,STORER Michael,Tudor Pro Cycling Team,,1735,,,,,,,,,,,,,
36,GROENEWEGEN Dylan,Unibet Rose Rockets,,1702,,,,,,,,,,,,,
37,BRENNAN Matthew,Team Visma | Lease a Bike,,1701,,,,,,,,,,,,,
38,ROGLIČ Primož,Red Bull - BORA - hansgrohe,,1673,,,,,,,,,,,,,
39,BERNAL Egan,INEOS Grenadiers,,1644,,,,,,,,,,,,,
40,TIBERI Antonio,Bahrain - Victorious,,1620,,,,,,,,,,,,,
41,KOOIJ Olav,Decathlon CMA CGM Team,,1613,,,,,,,,,,,,,
42,MEEUS Jordi,Red Bull - BORA - hansgrohe,,1580,,,,,,,,,,,,,
43,VERMEERSCH Florian,UAE Team Emirates - XRG,,1576,,,,,,,,,,,,,
44,MILAN Jonathan,Lidl - Trek,,1529,,,,,,,,,,,,,
45,JEANNIÈRE Emilien,TotalEnergies,,1511,,,,,,,,,,,,,
46,GEE-WEST Derek,Lidl - Trek,,1485,,,,,,,,,,,,,
47,ARANBURU Alex,Cofidis,,1476,,,,,,,,,,,,,
48,AYUSO Juan,Lidl - Trek,,1468,,,,,,,,,,,,,
49,STRONG Corbin,NSN Cycling Team,,1455,,,,,,,,,,,,,
50,ALAPHILIPPE Julian,Tudor Pro Cycling Team,,1427,,,,,,,,,,,,,
51,LAPORTE Christophe,Team Visma | Lease a Bike,,1412,,,,,,,,,,,,,
52,ABRAHAMSEN Jonas,Uno-X Mobility,,1357,,,,,,,,,,,,,
53,YATES Adam,UAE Team Emirates - XRG,,1354,,,,,,,,,,,,,
54,SIMMONS Quinn,Lidl - Trek,,1353,,,,,,,,,,,,,
55,MATTHEWS Michael,Team Jayco AlUla,,1343,,,,,,,,,,,,,
56,PLAPP Luke,Team Jayco AlUla,,1306,,,,,,,,,,,,,
57,GODON Dorian,INEOS Grenadiers,,1301,,,,,,,,,,,,,
58,BITTNER Pavel,Team Picnic PostNL,,1298,,,,,,,,,,,,,
59,VELASCO Simone,XDS Astana Team,,1297,,,,,,,,,,,,,
60,MERLIER Tim,Soudal Quick-Step,,1291,,,,,,,,,,,,,
61,KUBIŠ Lukáš,Unibet Rose Rockets,,1286,,,,,,,,,,,,,
62,HINDLEY Jai,Red Bull - BORA - hansgrohe,,1284,,,,,,,,,,,,,
63,RICCITELLO Matthew,Decathlon CMA CGM Team,,1242,,,,,,,,,,,,,
64,AULAR Orluis,Movistar Team,,1228,,,,,,,,,,,,,
65,ARENSMAN Thymen,INEOS Grenadiers,,1215,,,,,,,,,,,,,
66,TRENTIN Matteo,Tudor Pro Cycling Team,,1201,,,,,,,,,,,,,
67,MORGADO António,UAE Team Emirates - XRG,,1193,,,,,,,,,,,,,
68,BUITRAGO Santiago,Bahrain - Victorious,,1184,,,,,,,,,,,,,
69,FORTUNATO Lorenzo,XDS Astana Team,,1161,,,,,,,,,,,,,
70,KANTER Max,XDS Astana Team,,1154,,,,,,,,,,,,,
71,WÆRENSKJOLD Søren,Uno-X Mobility,,1147,,,,,,,,,,,,,
72,POWLESS Neilson,EF Education - EasyPost,,1093,,,,,,,,,,,,,
73,PRODHOMME Nicolas,Decathlon CMA CGM Team,,1086,,,,,,,,,,,,,
74,TEJADA Harold,XDS Astana Team,,1077,,,,,,,,,,,,,
75,ULISSI Diego,XDS Astana Team,,1063,,,,,,,,,,,,,
76,LAPEIRA Paul,Decathlon CMA CGM Team,,1046,,,,,,,,,,,,,
77,GANNA Filippo,INEOS Grenadiers,,1041,,,,,,,,,,,,,
78,GROVES Kaden,Alpecin-Premier Tech,,1002,,,,,,,,,,,,,
79,O'CONNOR Ben,Team Jayco AlUla,,967,,,,,,,,,,,,,
80,SKUJIŅŠ Toms,Lidl - Trek,,966,,,,,,,,,,,,,
81,VENDRAME Andrea,Team Jayco AlUla,,958,,,,,,,,,,,,,
82,HIRSCHI Marc,Tudor Pro Cycling Team,,926,,,,,,,,,,,,,
83,SIVAKOV Pavel,UAE Team Emirates - XRG,,921,,,,,,,,,,,,,
84,UIJTDEBROEKS Cian,Movistar Team,,918,,,,,,,,,,,,,
85,FRETIN Milan,Cofidis,,917,,,,,,,,,,,,,
86,IZAGIRRE Ion,Cofidis,,911,,,,,,,,,,,,,
87,CARUSO Damiano,Bahrain - Victorious,,908,,,,,,,,,,,,,
88,WELLENS Tim,UAE Team Emirates - XRG,,908,,,,,,,,,,,,,
89,VERNON Ethan,NSN Cycling Team,,908,,,,,,,,,,,,,
90,RONDEL Mathys,Tudor Pro Cycling Team,,897,,,,,,,,,,,,,
91,STUYVEN Jasper,Soudal Quick-Step,,895,,,,,,,,,,,,,
92,DELETTRE Alexandre,TotalEnergies,,890,,,,,,,,,,,,,
93,ANIOŁKOWSKI Stanisław,Cofidis,,890,,,,,,,,,,,,,
94,ROMEO Iván,Movistar Team,,889,,,,,,,,,,,,,
95,MARTÍNEZ Daniel Felipe,Red Bull - BORA - hansgrohe,,884,,,,,,,,,,,,,
96,VAN WILDER Ilan,Soudal Quick-Step,,869,,,,,,,,,,,,,
97,MOZZATO Luca,Tudor Pro Cycling Team,,867,,,,,,,,,,,,,
98,KUSS Sepp,Team Visma | Lease a Bike,,862,,,,,,,,,,,,,
99,WRIGHT Fred,Pinarello Q36.5 Pro Cycling Team,,852,,,,,,,,,,,,,
100,VENTURINI Clément,Unibet Rose Rockets,,830,,,,,,,,,,,,,
102,LÓPEZ Harold Martín,XDS Astana Team,,811,,,,,,,,,,,,,
103,WATSON Samuel,INEOS Grenadiers,,802,,,,,,,,,,,,,
104,DEL GROSSO Tibor,Alpecin-Premier Tech,,800,,,,,,,,,,,,,
105,LAURANCE Axel,INEOS Grenadiers,,795,,,,,,,,,,,,,
106,NARVÁEZ Jhonatan,UAE Team Emirates - XRG,,781,,,,,,,,,,,,,
107,MENTEN Milan,Lotto Intermarché,,778,,,,,,,,,,,,,
108,ZAMBANINI Edoardo,Bahrain - Victorious,,775,,,,,,,,,,,,,
109,BETTIOL Alberto,XDS Astana Team,,772,,,,,,,,,,,,,
110,FEDOROV Yevgeniy,XDS Astana Team,,771,,,,,,,,,,,,,
111,PIGANZOLI Davide,Team Visma | Lease a Bike,,768,,,,,,,,,,,,,
112,ZANA Filippo,Soudal Quick-Step,,757,,,,,,,,,,,,,
113,MOSCHETTI Matteo,Pinarello Q36.5 Pro Cycling Team,,754,,,,,,,,,,,,,
114,KULSET Johannes,Uno-X Mobility,,752,,,,,,,,,,,,,
115,LONARDI Giovanni,Team Polti VisitMalta,,740,,,,,,,,,,,,,
116,BENOOT Tiesj,Decathlon CMA CGM Team,,738,,,,,,,,,,,,,
117,JEGAT Jordan,TotalEnergies,,731,,,,,,,,,,,,,
118,BAGIOLI Andrea,Lidl - Trek,,731,,,,,,,,,,,,,
119,SOLER Marc,UAE Team Emirates - XRG,,730,,,,,,,,,,,,,
120,TURGIS Anthony,TotalEnergies,,730,,,,,,,,,,,,,
121,TEUNISSEN Mike,XDS Astana Team,,725,,,,,,,,,,,,,
122,DUJARDIN Sandy,TotalEnergies,,715,,,,,,,,,,,,,
123,MALUCELLI Matteo,XDS Astana Team,,709,,,,,,,,,,,,,
124,PARET-PEINTRE Valentin,Soudal Quick-Step,,706,,,,,,,,,,,,,
125,MOHORIČ Matej,Bahrain - Victorious,,705,,,,,,,,,,,,,
126,MAS Enric,Movistar Team,,703,,,,,,,,,,,,,
127,PITHIE Laurence,Red Bull - BORA - hansgrohe,,700,,,,,,,,,,,,,
128,COQUARD Bryan,Cofidis,,698,,,,,,,,,,,,,
129,FRIGO Marco,NSN Cycling Team,,696,,,,,,,,,,,,,
130,RODRÍGUEZ Cristián,XDS Astana Team,,689,,,,,,,,,,,,,
131,GROßSCHARTNER Felix,UAE Team Emirates - XRG,,687,,,,,,,,,,,,,
132,HERMANS Quinten,Pinarello Q36.5 Pro Cycling Team,,683,,,,,,,,,,,,,
133,CHRISTEN Fabio,Pinarello Q36.5 Pro Cycling Team,,681,,,,,,,,,,,,,
134,BAUDIN Alex,EF Education - EasyPost,,678,,,,,,,,,,,,,
135,TESFATSION Natnael,Movistar Team,,678,,,,,,,,,,,,,
136,MULUBRHAN Henok,XDS Astana Team,,677,,,,,,,,,,,,,
137,SILVA Guillermo Thomas,XDS Astana Team,,675,,,,,,,,,,,,,
138,BERCKMOES Jenno,Lotto Intermarché,,673,,,,,,,,,,,,,
139,GRUEL Thibaud,Groupama - FDJ United,,672,,,,,,,,,,,,,
140,TOWNSEND Rory,Unibet Rose Rockets,,662,,,,,,,,,,,,,
141,MARTIN Guillaume,Groupama - FDJ United,,661,,,,,,,,,,,,,
142,TURNER Ben,INEOS Grenadiers,,658,,,,,,,,,,,,,
143,WITHEN PHILIPSEN Albert,Lidl - Trek,,658,,,,,,,,,,,,,
144,TRÆEN Torstein,Uno-X Mobility,,652,,,,,,,,,,,,,
145,LARSEN Niklas,Unibet Rose Rockets,,647,,,,,,,,,,,,,
146,NYS Thibau,Lidl - Trek,,646,,,,,,,,,,,,,
147,ARMIRAIL Bruno,Team Visma | Lease a Bike,,645,,,,,,,,,,,,,
148,PENHOËT Paul,Groupama - FDJ United,,641,,,,,,,,,,,,,
149,VAN POPPEL Danny,Red Bull - BORA - hansgrohe,,637,,,,,,,,,,,,,
150,DOUBLE Paul,Team Jayco AlUla,,636,,,,,,,,,,,,,
151,JOHANNESSEN Anders Halland,Uno-X Mobility,,626,,,,,,,,,,,,,
152,VAN DIJKE Tim,Red Bull - BORA - hansgrohe,,624,,,,,,,,,,,,,
153,VERMEERSCH Gianni,Red Bull - BORA - hansgrohe,,614,,,,,,,,,,,,,
154,GATE Aaron,XDS Astana Team,,611,,,,,,,,,,,,,
155,RENARD Alexis,Cofidis,,609,,,,,,,,,,,,,
156,BARRÉ Louis,Team Visma | Lease a Bike,,607,,,,,,,,,,,,,
157,FINN Lorenzo,Red Bull - BORA - hansgrohe Rookies,,606,,,,,,,,,,,,,
158,WIDAR Jarno,Lotto Intermarché,,598,,,,,,,,,,,,,
159,ACKERMANN Pascal,Team Jayco AlUla,,595,,,,,,,,,,,,,
160,CHAMPOUSSIN Clément,XDS Astana Team,,594,,,,,,,,,,,,,
161,DE SCHUYTENEER Steffen,Lotto Intermarché,,594,,,,,,,,,,,,,
162,COBO Iván,Equipo Kern Pharma,,590,,,,,,,,,,,,,
163,RUBIO Einer,Movistar Team,,589,,,,,,,,,,,,,
164,VACEK Mathias,Lidl - Trek,,584,,,,,,,,,,,,,
165,ASKEY Lewis,NSN Cycling Team,,579,,,,,,,,,,,,,
166,SEGAERT Alec,Bahrain - Victorious,,578,,,,,,,,,,,,,
167,LECERF Junior,Soudal Quick-Step,,576,,,,,,,,,,,,,
168,CANAL Carlos,Movistar Team,,575,,,,,,,,,,,,,
169,BARRENETXEA Jon,Movistar Team,,573,,,,,,,,,,,,,
170,SOBRERO Matteo,Lidl - Trek,,565,,,,,,,,,,,,,
171,REX Laurenz,Soudal Quick-Step,,557,,,,,,,,,,,,,
172,NORDHAGEN Jørgen,Team Visma | Lease a Bike,,552,,,,,,,,,,,,,
173,MARIT Arne,Red Bull - BORA - hansgrohe,,549,,,,,,,,,,,,,
174,HOOLE Daan,Decathlon CMA CGM Team,,548,,,,,,,,,,,,,
175,STEINHAUSER Georg,EF Education - EasyPost,,539,,,,,,,,,,,,,
176,TSARENKO Kyrylo,,,536,,,,,,,,,,,,,
177,GILMORE Brady,NSN Cycling Team,,524,,,,,,,,,,,,,
178,LANGELLOTTI Victor,INEOS Grenadiers,,524,,,,,,,,,,,,,
179,HAYTER Ethan,Soudal Quick-Step,,523,,,,,,,,,,,,,
180,BILBAO Pello,Bahrain - Victorious,,520,,,,,,,,,,,,,
181,BIERMANS Jenthe,Cofidis,,520,,,,,,,,,,,,,
182,COVI Alessandro,Team Jayco AlUla,,518,,,,,,,,,,,,,
183,MADOUAS Valentin,Groupama - FDJ United,,518,,,,,,,,,,,,,
184,TARLING Joshua,INEOS Grenadiers,,514,,,,,,,,,,,,,
185,PARET-PEINTRE Aurélien,Decathlon CMA CGM Team,,513,,,,,,,,,,,,,
186,VOISARD Yannis,Tudor Pro Cycling Team,,512,,,,,,,,,,,,,
187,TILLER Rasmus,Uno-X Mobility,,511,,,,,,,,,,,,,
188,ARRIETA Igor,UAE Team Emirates - XRG,,510,,,,,,,,,,,,,
189,CHARMIG Anthon,Uno-X Mobility,,508,,,,,,,,,,,,,
190,MIQUEL Pau,Bahrain - Victorious,,506,,,,,,,,,,,,,
191,TRONCHON Bastien,Groupama - FDJ United,,502,,,,,,,,,,,,,
192,SHEEHAN Riley,NSN Cycling Team,,502,,,,,,,,,,,,,
193,TULETT Ben,Team Visma | Lease a Bike,,501,,,,,,,,,,,,,
194,RODRÍGUEZ Carlos,INEOS Grenadiers,,500,,,,,,,,,,,,,
195,SÖDERQVIST Jakob,Lidl - Trek,,499,,,,,,,,,,,,,
196,VINOKUROV Nicolas,XDS Astana Team,,493,,,,,,,,,,,,,
197,SCHACHMANN Maximilian,Soudal Quick-Step,,492,73,72,76,76,70,75,74,69,72,73,73,72,76
198,ARVANITOU Nikiforos,Team United Shipping,,492,,,,,,,,,,,,,
199,HIGUITA Sergio,XDS Astana Team,,492,67,76,76,75,65,68,63,68,75,73,73,74,75
200,COSTIOU Ewen,Groupama - FDJ United,,490,72,74,75,72,65,73,72,65,73,74,74,71,75
201,COSNEFROY Benoît,UAE Team Emirates - XRG,Scout,483,74,64,71,74,72,65,73,69,77,74,74,66,77
202,HAGENES Per Strand,Team Visma | Lease a Bike,,473,76,67,70,74,75,72,71,70,72,75,75,66,74
203,EULÁLIO Afonso,Bahrain - Victorious,,471,68,74,76,71,66,65,63,67,73,76,74,69,75
204,BALLERINI Davide,XDS Astana Team,,468,76,64,64,79,75,65,67,74,73,75,77,76,72
205,DE GENDT Aimé,Pinarello Q36.5 Pro Cycling Team,,466,,,,,,,,,,,,,
206,VAN GILS Maxim,Red Bull - BORA - hansgrohe,Solgt,466,73,74,77,72,70,68,68,71,78,77,78,66,78
207,HOELGAARD Markus,Uno-X Mobility,Solgt,461,76,69,73,72,76,67,67,72,69,77,78,66,74
208,LAMPERTI Luke,EF Education - EasyPost,,460,73,60,67,72,72,64,71,74,75,72,74,67,73
209,BOL Cees,Decathlon CMA CGM Team,,459,75,57,65,70,74,69,69,75,74,75,74,71,72
210,CORT Magnus,Uno-X Mobility,Scout,459,76,70,73,75,70,73,73,75,73,75,77,71,75
211,BAUHAUS Phil,Bahrain - Victorious,,458,74,60,62,72,73,61,63,77,76,73,71,67,66
212,SWEENY Harry,EF Education - EasyPost,Scout,456,74,73,76,70,72,74,69,68,68,74,71,75,74
213,THOMAS Benjamin,Cofidis,,455,75,64,70,70,70,72,73,71,72,72,74,65,73
214,HUENS Axel,Groupama - FDJ United,,453,74,63,66,68,73,63,66,72,71,74,73,64,72
215,MAJKA Rafał,,,450,,,,,,,,,,,,,
216,GAROFOLI Gianmarco,Soudal Quick-Step,,447,,,,,,,,,,,,,
217,KRON Andreas,Uno-X Mobility,Scout,443,71,71,75,73,70,65,65,69,75,75,72,69,76
218,DÍAZ José Manuel,Burgos Burpellet BH,,441,,,,,,,,,,,,,
219,DAINESE Alberto,Soudal Quick-Step,,441,71,62,65,72,68,65,67,75,76,67,71,72,70
220,DECOMBLE Maxime,Groupama - FDJ United,,439,,,,,,,,,,,,,
221,ROMO Javier,Movistar Team,,437,72,75,76,73,68,70,67,68,69,74,73,70,75
222,VLASOV Aleksandr,Red Bull - BORA - hansgrohe,,436,72,75,75,66,66,75,74,70,70,73,74,73,75
223,BISSEGGER Stefan,Decathlon CMA CGM Team,Scout,429,77,64,70,72,77,75,78,71,71,76,74,71,70
224,ENGELHARDT Felix,Team Jayco AlUla,Scout,428,70,73,75,71,64,67,63,69,73,69,74,67,75
225,BARCELÓ Fernando,Caja Rural - Seguros RGA,,425,,,,,,,,,,,,,
226,KOPECKÝ Matyáš,Unibet Rose Rockets,,423,,,,,,,,,,,,,
227,OLIVEIRA Ivo,UAE Team Emirates - XRG,,423,75,65,68,73,70,73,76,72,75,73,72,68,73
228,BERTHET Clément,Groupama - FDJ United,,422,,,,,,,,,,,,,
229,CASTRILLO Pablo,Movistar Team,,421,72,75,75,67,64,75,72,63,73,76,73,69,75
230,BRAZ AFONSO Clément,Groupama - FDJ United,,420,,,,,,,,,,,,,
231,RACCAGNI NOVIERO Andrea,Soudal Quick-Step,,418,,,,,,,,,,,,,
232,ETXEBERRIA Haimar,Red Bull - BORA - hansgrohe,,417,,,,,,,,,,,,,
233,GAUTHERAT Pierre,Decathlon CMA CGM Team,,415,,,,,,,,,,,,,
234,GRISEL Matys,Lotto Intermarché,,407,,,,,,,,,,,,,
235,DENZ Nico,Red Bull - BORA - hansgrohe,,407,,,,,,,,,,,,,
236,POOLE Max,Team Picnic PostNL,,405,71,77,76,69,65,73,72,68,72,72,72,75,74
237,MARTÍ Pau,NSN Cycling Team,,403,69,69,72,72,66,64,65,68,74,72,72,68,74
238,VAN EETVELT Lennert,Lotto Intermarché,,401,68,76,79,72,68,69,68,67,77,74,73,69,78
239,HONORÉ Mikkel Frølich,EF Education - EasyPost,Scout,398,73,71,75,74,71,70,70,68,73,75,74,73,74
240,PRADES Eduard,Caja Rural - Seguros RGA,,396,,,,,,,,,,,,,
241,BERRADE Urko,Equipo Kern Pharma,,395,,,,,,,,,,,,,
242,PLUIMERS Rick,Tudor Pro Cycling Team,,393,75,67,69,69,73,64,70,74,74,76,75,66,73
243,RAJOVIĆ Dušan,Solution Tech NIPPO Rali,,392,72,57,59,68,70,66,70,74,73,67,66,64,67
244,KOGUT Oded,NSN Cycling Team,,391,72,55,58,67,69,65,68,76,76,68,68,65,65
245,ÁLVAREZ Héctor,Lidl - Trek Future Racing,,391,75,68,72,74,71,74,72,72,71,75,73,66,73
246,ZIMMERMANN Georg,Lotto Intermarché,,389,72,73,75,71,68,64,66,69,73,76,73,74,74
247,BRENNER Marco,Tudor Pro Cycling Team,,388,70,73,76,73,64,69,71,66,73,74,72,65,76
248,FAGÚNDEZ Eric Antonio,Burgos Burpellet BH,,387,,,,,,,,,,,,,
249,GARCÍA PIERNA Raúl,Movistar Team,,387,73,75,76,72,66,75,70,68,70,76,73,71,74
250,DÉMARE Arnaud,,,386,,,,,,,,,,,,,
251,GUERIN Alexis,Anicolor / Campicarn,,383,,,,,,,,,,,,,
252,HOFSTETTER Hugo,NSN Cycling Team,,381,,,,,,,,,,,,,
253,CHUMIL Sergio Geovani,Burgos Burpellet BH,,379,,,,,,,,,,,,,
254,FANCELLU Alessandro,MBH Bank CSB Telecom Fort,,378,,,,,,,,,,,,,
255,SHEFFIELD Magnus,INEOS Grenadiers,,376,76,74,76,65,73,77,75,67,71,75,75,65,75
256,GAUDU David,Groupama - FDJ United,,370,69,74,77,73,64,69,68,68,78,72,76,68,77
257,DVERSNES LAVIK Fredrik,Uno-X Mobility,,368,,,,,,,,,,,,,
258,MIHKELS Madis,EF Education - EasyPost,,364,75,63,65,69,76,65,70,75,76,75,74,67,72
259,RUTSCH Jonas,Lotto Intermarché,,364,,,,,,,,,,,,,
260,MAYRHOFER Marius,Tudor Pro Cycling Team,,362,75,64,68,69,74,67,71,72,73,75,74,66,73
261,POELS Wout,Unibet Rose Rockets,,360,68,74,76,74,63,66,63,66,68,73,74,75,74
262,ROLLAND Brieuc,Groupama - FDJ United,,358,,,,,,,,,,,,,
263,VAN DEN BROEK Frank,Team Picnic PostNL,,358,74,75,74,71,71,71,70,66,70,76,73,71,73
264,BARDET Romain,,,350,,,,,,,,,,,,,
265,BUSATTO Francesco,Alpecin-Premier Tech,,350,,,,,,,,,,,,,
266,DONALDSON Robert,Team Jayco AlUla,,350,,,,,,,,,,,,,
267,OMRZEL Jakob,Bahrain - Victorious,,349,68,73,73,74,68,61,60,65,71,71,71,69,74
268,VERMAERKE Kevin,UAE Team Emirates - XRG,,349,,,,,,,,,,,,,
269,DELBOVE Joris,TotalEnergies,,347,,,,,,,,,,,,,
270,MOLANO Juan Sebastián,UAE Team Emirates - XRG,,347,75,60,64,70,72,64,64,77,77,71,71,67,70
271,SALBY Alexander,Li Ning Star,,345,67,60,62,67,63,61,62,73,76,64,66,64,66
272,VERCHER Mattéo,TotalEnergies,,340,,,,,,,,,,,,,
273,DUNBAR Eddie,Pinarello Q36.5 Pro Cycling Team,,340,67,76,76,67,63,74,66,63,70,74,67,76,75
274,VAN UDEN Casper,Team Picnic PostNL,,339,72,62,67,65,70,67,68,76,75,71,70,64,70
275,CAMPENAERTS Victor,Team Visma | Lease a Bike,Solgt,338,77,73,73,73,74,77,75,70,71,77,75,77,73
276,SU Haoyu,XDS Astana Team,,338,,,,,,,,,,,,,
277,KÜNG Stefan,Tudor Pro Cycling Team,Solgt,337,80,67,72,72,78,76,77,71,67,82,79,70,72
278,OLDANI Stefano,Caja Rural - Seguros RGA,,335,72,72,74,73,70,65,66,72,72,73,74,67,74
279,QUARTUCCI Lorenzo,Burgos Burpellet BH,,333,,,,,,,,,,,,,
280,ADRIÀ Roger,Movistar Team,,333,73,73,76,72,72,68,69,71,76,75,77,72,77
281,ASGREEN Kasper,EF Education - EasyPost,,331,77,65,66,73,74,75,72,72,71,74,75,73,73
282,DEHAIRS Simon,Alpecin-Premier Tech,,331,,,,,,,,,,,,,
283,LØLAND Sakarias Koller,Uno-X Mobility,,329,,,,,,,,,,,,,
284,SCHRETTL Marco,XDS Astana Team,,328,,,,,,,,,,,,,
285,BALDERSTONE Abel,Caja Rural - Seguros RGA,,326,,,,,,,,,,,,,
286,BARONCINI Filippo,UAE Team Emirates - XRG,,325,75,71,73,72,72,76,72,71,73,74,73,73,74
287,TAARAMÄE Rein,Kinan Racing Team,,324,,,,,,,,,,,,,
288,SCHIFFER Anton,Team Visma | Lease a Bike,,323,,,,,,,,,,,,,
289,STORK Florian,Tudor Pro Cycling Team,,321,,,,,,,,,,,,,
290,BUDZIŃSKI Marcin,MBH Bank CSB Telecom Fort,,320,,,,,,,,,,,,,
291,KÄMNA Lennard,Lidl - Trek,,320,73,76,76,72,63,72,73,66,70,73,71,71,74
292,HARPER Chris,Pinarello Q36.5 Pro Cycling Team,,319,72,76,76,71,64,71,67,64,66,75,70,73,74
293,CASTELLON Jan,Caja Rural - Seguros RGA,,316,,,,,,,,,,,,,
294,ZANONCELLO Enrico,Bardiani CSF 7 Saber,,314,,,,,,,,,,,,,
295,MAYER Alexandre,Burgos Burpellet BH,,314,,,,,,,,,,,,,
296,VALGREN Michael,EF Education - EasyPost,,314,75,71,73,77,72,68,68,69,73,76,74,71,76
297,GARCÍA CORTINA Iván,Movistar Team,,312,,,,,,,,,,,,,
298,TESSON Jason,TotalEnergies,,312,,,,,,,,,,,,,
299,HERRADA Jesús,Burgos Burpellet BH,,312,,,,,,,,,,,,,
300,GUALDI Simone,Lotto Intermarché,,311,,,,,,,,,,,,,
301,DEWULF Stan,Decathlon CMA CGM Team,,310,,,,,,,,,,,,,
302,PLOWRIGHT Jensen,Alpecin-Premier Tech,,305,73,62,66,72,68,64,70,74,73,73,71,67,70
303,MAGLI Filippo,Bardiani CSF 7 Saber,,304,,,,,,,,,,,,,
304,KUDUS Merhawi,Burgos Burpellet BH,,304,68,72,72,67,60,62,64,68,73,70,69,70,72
305,PLANCKAERT Edward,Alpecin-Premier Tech,,303,74,66,70,76,74,64,65,72,73,73,75,70,73
306,THIJSSEN Gerben,Alpecin-Premier Tech,,303,73,57,58,66,69,61,62,75,75,68,70,66,66
307,NYCH Artem,Anicolor / Campicarn,,301,,,,,,,,,,,,,
308,BOGUSŁAWSKI Marceli,ATT Investments,,299,,,,,,,,,,,,,
309,BERWICK Sebastian,Caja Rural - Seguros RGA,,299,,,,,,,,,,,,,
310,GOVEKAR Matevž,Bahrain - Victorious,,299,73,59,66,73,70,66,71,74,75,71,72,66,71
311,PESCADOR Diego,Movistar Team,,298,,,,,,,,,,,,,
312,LÓPEZ Juan Pedro,Movistar Team,,297,,,,,,,,,,,,,
313,CEPEDA Jefferson Alveiro,Movistar Team,,294,,,,,,,,,,,,,
314,KRISTOFF Alexander,,,292,,,,,,,,,,,,,
315,DE BOD Stefan,Modern Adventure Pro Cycling,,292,,,,,,,,,,,,,
316,DE BONDT Dries,Team Jayco AlUla,,290,,,,,,,,,,,,,
317,PEÑALVER Manuel,Team Polti VisitMalta,,288,,,,,,,,,,,,,
318,RIVERA Brandon Smith,INEOS Grenadiers,,286,,,,,,,,,,,,,
319,JASIM AL-ALI Abdulla,UAE Team Emirates Gen Z,,285,,,,,,,,,,,,,
320,VANSEVENANT Mauri,Soudal Quick-Step,,284,73,73,75,72,66,65,66,67,73,75,73,69,75
321,MILESI Lorenzo,Movistar Team,,283,,,,,,,,,,,,,
322,BREUILLARD Nicolas,TotalEnergies,,282,,,,,,,,,,,,,
323,RYAN Archie,EF Education - EasyPost,,281,,,,,,,,,,,,,
324,MARIAULT Axel,CIC Pro Cycling Academy,,281,,,,,,,,,,,,,
325,BREGNHØJ Mathias,Terengganu Cycling Team,,279,,,,,,,,,,,,,
326,TSVETKOV Nikita,Bardiani CSF 7 Saber,,278,,,,,,,,,,,,,
327,LAFAY Victor,Unibet Rose Rockets,Scout,278,67,68,76,69,60,64,63,63,76,70,71,62,75
328,MAIRE Adrien,Unibet Rose Rockets,,277,,,,,,,,,,,,,
329,LEMMEN Bart,Team Visma | Lease a Bike,Scout,276,74,74,75,72,66,72,70,67,73,75,73,73,75
330,PARRA José Félix,Caja Rural - Seguros RGA,,275,,,,,,,,,,,,,
331,MEURISSE Xandro,Pinarello Q36.5 Pro Cycling Team,Scout,273,74,73,75,75,71,70,70,71,73,75,75,74,75
332,FOLDAGER Anders,Team Jayco AlUla,,272,,,,,,,,,,,,,
333,BLIKRA Erlend,Uno-X Mobility,,272,73,56,57,67,64,64,65,77,76,68,68,65,67
334,BERASATEGI Xabier,Euskaltel - Euskadi,,271,,,,,,,,,,,,,
335,LANDA Mikel,Soudal Quick-Step,Solgt,271,68,79,78,77,66,71,67,62,69,77,72,77,77
336,FIORELLI Filippo,Team Visma | Lease a Bike,,270,,,,,,,,,,,,,
337,PINARELLO Alessandro,NSN Cycling Team,,270,,,,,,,,,,,,,
338,DE LA CRUZ David,Pinarello Q36.5 Pro Cycling Team,,268,,,,,,,,,,,,,
339,HALLER Marco,Tudor Pro Cycling Team,,268,76,65,68,73,76,66,74,73,72,78,76,73,73
340,AGIRRE Jon,Euskaltel - Euskadi,,268,,,,,,,,,,,,,
341,KIELICH Timo,Team Visma | Lease a Bike,Scout,268,,,,,,,,,,,,,
342,HUERTAS Jason Andrey,,,267,,,,,,,,,,,,,
343,KELDERMAN Wilco,Team Visma | Lease a Bike,Solgt,264,72,76,77,70,71,73,74,67,71,74,74,73,76
344,TEUTENBERG Tim Torn,Lidl - Trek,Scout,264,73,62,64,70,71,70,73,75,75,71,71,67,72
345,BISIAUX Léo,Decathlon CMA CGM Team,,263,68,74,75,74,66,66,65,59,74,73,74,70,75
346,UHLIG Henri,Alpecin-Premier Tech,,263,,,,,,,,,,,,,
347,PAGE Hugo,Cofidis,,262,75,63,67,69,72,65,69,74,74,73,74,66,71
348,SPARFEL Aubin,Decathlon CMA CGM Development Team,,260,70,68,72,70,67,63,64,69,73,70,72,66,73
349,TURCONI Filippo,Bardiani CSF 7 Saber,,257,,,,,,,,,,,,,
350,KRAGH ANDERSEN Søren,Lidl - Trek,,255,76,65,71,76,73,73,74,72,71,74,76,70,74
351,AFFINI Edoardo,Team Visma | Lease a Bike,Scout,254,78,61,66,67,69,79,76,72,68,72,70,66,70
352,PRONSKIY Vadim,Terengganu Cycling Team,,253,,,,,,,,,,,,,
353,RAILEANU Cristian,Li Ning Star,,252,,,,,,,,,,,,,
354,JANSE VAN RENSBURG Reinardt,Tshenolo Pro Cycling Team,,251,,,,,,,,,,,,,
355,VAN ENGELEN Adne,Terengganu Cycling Team,,250,,,,,,,,,,,,,
356,MONIQUET Sylvain,Cofidis,,250,69,74,75,70,64,67,65,67,73,72,73,66,74
357,DONOVAN Mark,Pinarello Q36.5 Pro Cycling Team,,250,71,72,74,76,70,68,70,64,71,73,71,70,75
358,GAJDULEWICZ Mateusz,ATT Investments,,250,,,,,,,,,,,,,
359,MACÍAS César,Burgos Burpellet BH,,249,,,,,,,,,,,,,
360,MARTÍN Gotzon,Euskaltel - Euskadi,,249,,,,,,,,,,,,,
361,LOOCKX Lander,Unibet Rose Rockets,,248,,,,,,,,,,,,,
362,SVESTAD-BÅRDSENG Embret,INEOS Grenadiers,,248,68,74,76,68,66,68,63,63,64,74,69,72,74
363,LATOUR Pierre,,,248,,,,,,,,,,,,,
364,ALBANESE Vincenzo,EF Education - EasyPost,Scout,248,74,69,73,74,72,66,69,72,75,74,76,74,74
365,POULARD Athit,Roojai Insurance Winspace,,246,,,,,,,,,,,,,
366,BLACKMORE Joseph,NSN Cycling Team,Scout,245,72,73,76,77,72,67,71,69,75,75,74,70,77
367,MAESTRI Mirco,Team Polti VisitMalta,,244,,,,,,,,,,,,,
368,RIKUNOV Petr,Wheeltop Rotor Chengdu Team,,242,,,,,,,,,,,,,
369,HAMZA Yacine,Madar Pro Cycling Team,,242,,,,,,,,,,,,,
370,BATSAIKHAN Tegsh-Bayar,Roojai Insurance Winspace,,242,,,,,,,,,,,,,
371,LOULERGUE Victor,Groupama-FDJ United CT,,240,,,,,,,,,,,,,
372,GARIBBO Nicolò,Team UKYO,,239,,,,,,,,,,,,,
373,EINHORN Itamar,NSN Cycling Team,,239,,,,,,,,,,,,,
374,ARTZ Huub,Lotto Intermarché,,238,,,,,,,,,,,,,
375,KNIGHT Oliver,Cofidis,,238,,,,,,,,,,,,,
376,BELOKI Markel,EF Education - EasyPost,,236,71,73,75,67,62,72,67,62,67,72,67,67,72
377,MARCELLUSI Martin,Bardiani CSF 7 Saber,,235,,,,,,,,,,,,,
378,MIMOUNI Oussama Abdellah,Madar Pro Cycling Team,,233,,,,,,,,,,,,,
379,DUPONT Timothy,Tarteletto - Isorex,,233,,,,,,,,,,,,,
380,CATTANEO Mattia,Red Bull - BORA - hansgrohe,,233,76,75,76,75,66,76,74,68,67,73,70,77,74
381,SCALCO Matteo,XDS Astana Development Team,,232,67,72,73,70,63,61,59,64,72,70,70,67,72
382,BUCHMANN Emanuel,Cofidis,,230,,,,,,,,,,,,,
383,MOLLEMA Bauke,Lidl - Trek,,230,,,,,,,,,,,,,
384,SEPÚLVEDA Eduardo,Li Ning Star,,229,,,,,,,,,,,,,
385,SYELHAN Muhammad,ASC Monsters Indonesia,,228,,,,,,,,,,,,,
386,BRUSTENGA Marc,Equipo Kern Pharma,,227,,,,,,,,,,,,,
387,STEWART Jake,NSN Cycling Team,,227,,,,,,,,,,,,,
388,LEITÃO Iúri,Caja Rural - Seguros RGA,,225,,,,,,,,,,,,,
389,EIKING Odd Christian,Unibet Rose Rockets,,225,,,,,,,,,,,,,
390,VERONA Carlos,Lidl - Trek,,224,,,,,,,,,,,,,
391,CRESCIOLI Ludovico,Team Polti VisitMalta,,222,,,,,,,,,,,,,
392,ROCHAS Rémy,Groupama - FDJ United,,221,,,,,,,,,,,,,
393,HOPKINS Dylan,Roojai Insurance Winspace,,221,,,,,,,,,,,,,
394,GEOGHEGAN HART Tao,Lidl - Trek,,220,,,,,,,,,,,,,
395,GRANGER Ben,Solution Tech NIPPO Rali,,219,,,,,,,,,,,,,
396,HATHERLY Alan,Team Jayco AlUla,,219,,,,,,,,,,,,,
397,VERRE Alessandro,MBH Bank CSB Telecom Fort,,218,,,,,,,,,,,,,
398,GAVIRIA Fernando,Caja Rural - Seguros RGA,Scout,217,71,59,61,70,68,61,67,74,75,64,69,72,65
399,PRIETO José Juan,Petrolike,,215,,,,,,,,,,,,,
400,ALLENO Clément,Burgos Burpellet BH,,215,,,,,,,,,,,,,
401,HOLTER Ådne,Uno-X Mobility,,215,,,,,,,,,,,,,
402,ARCHIBOLD Franklin,Solution Tech NIPPO Rali,,214,,,,,,,,,,,,,
403,CAICEDO Jonathan Klever,Petrolike,,213,,,,,,,,,,,,,
404,PEÑA Jesús David,Efapel Cycling,,213,,,,,,,,,,,,,
405,MUNTON Byron,Modern Adventure Pro Cycling,,213,,,,,,,,,,,,,
406,ANDERSEN Mads,Swatt Club,,212,,,,,,,,,,,,,
407,CADENA Edgar David,Team Storck - MRW Bau,,212,,,,,,,,,,,,,
408,SOSA Iván Ramiro,Equipo Kern Pharma,,211,,,,,,,,,,,,,
409,BOUGLAS Georgios,Burgos Burpellet BH,,211,,,,,,,,,,,,,
410,CRAS Steff,Soudal Quick-Step,Scout,210,69,75,76,67,67,70,68,67,67,74,72,76,76
411,AMAN Awet,Istanbul Team,,210,,,,,,,,,,,,,
412,TEUNS Dylan,Cofidis,,208,72,70,73,73,72,70,71,67,70,74,76,69,74
413,VAN DER TUUK Axel,Euskaltel - Euskadi,,208,,,,,,,,,,,,,
414,POLITT Nils,UAE Team Emirates - XRG,,208,,,,,,,,,,,,,
415,QUINTANA Nairo,Movistar Team,,207,68,75,76,74,65,66,64,63,73,76,68,76,73
416,MELLANO Ludovico Maria,XDS Astana Development Team,,207,,,,,,,,,,,,,
417,VERVAEKE Louis,Soudal Quick-Step,,205,,,,,,,,,,,,,
418,KOERDT Bjorn,Team Picnic PostNL,,205,,,,,,,,,,,,,
419,AUGUST Andrew,INEOS Grenadiers,,205,67,74,76,69,65,68,68,65,74,68,69,67,74
420,EENKHOORN Pascal,Soudal Quick-Step,,205,,,,,,,,,,,,,
421,PRADES Benjamín,VC Fukuoka,,204,,,,,,,,,,,,,
422,SAINBAYAR Jambaljamts,Burgos Burpellet BH,,203,,,,,,,,,,,,,
423,ANTUNES Tiago,Efapel Cycling,,202,,,,,,,,,,,,,
424,NERURKAR Lukas,EF Education - EasyPost,,202,,,,,,,,,,,,,
425,CAVAGNA Rémi,Groupama - FDJ United,,201,,,,,,,,,,,,,
426,HAJEK Alexander,Red Bull - BORA - hansgrohe,,201,,,,,,,,,,,,,
427,HUBER Jan,Tudor Pro Cycling Team U23,,201,,,,,,,,,,,,,
428,COBARRUBIA Leonardo,,,200,,,,,,,,,,,,,
429,VAN DEN BERG Marijn,EF Education - EasyPost,,200,,,,,,,,,,,,,
430,VAN MECHELEN Vlad,Bahrain - Victorious,,199,,,,,,,,,,,,,
431,TJØTTA Martin,Uno-X Mobility,,198,,,,,,,,,,,,,
432,MOLARD Rudy,Groupama - FDJ United,,198,,,,,,,,,,,,,
433,DE PRETTO Davide,Team Jayco AlUla,,197,,,,,,,,,,,,,
434,VIVIANI Elia,,,196,,,,,,,,,,,,,
435,MÜHLBERGER Gregor,Decathlon CMA CGM Team,,196,,,,,,,,,,,,,
436,CAPIOT Amaury,Team Jayco AlUla,,196,,,,,,,,,,,,,
437,IZQUIERDO Clément,Cofidis,,196,,,,,,,,,,,,,
438,WELSFORD Sam,INEOS Grenadiers,,195,,,,,,,,,,,,,
439,CAVIA Daniel,Burgos Burpellet BH,,194,,,,,,,,,,,,,
440,LAAS Martin,,,193,,,,,,,,,,,,,
441,CONCI Nicola,XDS Astana Team,,193,,,,,,,,,,,,,
442,GLOAG Thomas,Pinarello Q36.5 Pro Cycling Team,,193,67,74,76,68,62,66,67,66,74,72,73,67,76
443,SAFARZADEH Saeid,Qinghai Tianyoude Hotel Cycling Team,,192,,,,,,,,,,,,,
444,LABROSSE Jordan,Decathlon CMA CGM Team,,190,,,,,,,,,,,,,
445,ZIJLAARD Maikel,Tudor Pro Cycling Team,,190,,,,,,,,,,,,,
446,EDDY Patrick,Team Brennan,,189,,,,,,,,,,,,,
447,VARGAS Walter,Team Medellín - EPM,,188,,,,,,,,,,,,,
448,JUNGELS Bob,INEOS Grenadiers,,188,,,,,,,,,,,,,
449,PICKERING Finlay,Team Jayco AlUla,,188,,,,,,,,,,,,,
450,BURATTI Nicolò,MBH Bank CSB Telecom Fort,,186,,,,,,,,,,,,,
451,JOHANNINK Jelle,Unibet Rose Rockets,,186,,,,,,,,,,,,,
452,PEDERSEN Rasmus Søjberg,Decathlon CMA CGM Team,,185,,,,,,,,,,,,,
453,NIYONKURU Samuel,Team Amani,,185,,,,,,,,,,,,,
454,ALEOTTI Giovanni,Red Bull - BORA - hansgrohe,,184,,,,,,,,,,,,,
455,HOPKINS Kaden,Atom 6 Bikes - Cycleur de Luxe - Auto Stroo Continental Team,,182,,,,,,,,,,,,,
456,BARGUIL Warren,Team Picnic PostNL,,181,,,,,,,,,,,,,
457,MOLENAAR Alex,Caja Rural - Seguros RGA,,181,,,,,,,,,,,,,
458,TOLIO Alex,Bardiani CSF 7 Saber,,181,,,,,,,,,,,,,
459,CAMARGO Diego Andrés,Team Medellín - EPM,,180,,,,,,,,,,,,,
460,TENE Rotem,NSN Cycling Team,,180,,,,,,,,,,,,,
461,CÔTÉ Pier-André,NSN Cycling Team,,179,,,,,,,,,,,,,
462,WILLIAMS Cory,L39ION of Los Angeles,,178,,,,,,,,,,,,,
463,STOLIĆ Mihajlo,Bahrain Victorious Development Team,,177,,,,,,,,,,,,,
464,TERCERO Fernando,Team Polti VisitMalta,,177,,,,,,,,,,,,,
465,BERNARD Julien,Lidl - Trek,,177,,,,,,,,,,,,,
466,EEKHOFF Nils,Team Picnic PostNL,,176,,,,,,,,,,,,,
467,LEONARD Michael,EF Education - EasyPost,,175,72,71,73,64,61,75,71,59,62,72,64,65,70
468,BARTA Will,Tudor Pro Cycling Team,,175,,,,,,,,,,,,,
469,GONZALEZ Jyven,L39ION of Los Angeles,,175,,,,,,,,,,,,,
470,MEINTJES Louis,,,174,,,,,,,,,,,,,
471,RASCH Jesper,China Anta - Mentech Cycling Team,,174,,,,,,,,,,,,,
472,IRIBAR Unai,Equipo Kern Pharma,,174,,,,,,,,,,,,,
473,ERŽEN Žak,Bahrain - Victorious,,172,,,,,,,,,,,,,
474,GONZÁLEZ Roberto Carlos,Solution Tech NIPPO Rali,,171,,,,,,,,,,,,,
475,BRAET Vito,Lotto Intermarché,,171,,,,,,,,,,,,,
476,TAKHIROV Diyor,7 Saber Uzbekistan Cycling Team,,170,,,,,,,,,,,,,
477,BELOHVOŠČIKS Kristiāns,BIKE AID,,170,,,,,,,,,,,,,
478,NAESEN Oliver,Decathlon CMA CGM Team,,170,,,,,,,,,,,,,
479,PETER Jannis,Unibet Rose Rockets,,169,,,,,,,,,,,,,
480,REMIJN Senna,Alpecin-Premier Tech,,168,,,,,,,,,,,,,
481,LAGAB Azzedine,Mouloudia Club d'Alger,,167,,,,,,,,,,,,,
482,BENNETT George,NSN Cycling Team,,167,,,,,,,,,,,,,
483,VAN BAARLE Dylan,Soudal Quick-Step,Solgt,167,75,71,72,72,76,72,69,69,67,75,71,73,74
484,MAISONOBE Sam,Cofidis,,166,,,,,,,,,,,,,
485,KRETSCHY Moritz,NSN Development Team,,166,,,,,,,,,,,,,
486,PEÑUELA Francisco Joel,Caja Rural - Seguros RGA,,165,,,,,,,,,,,,,
487,NARRAWAY Nicholas,Competitive Edge Racing,,165,,,,,,,,,,,,,
488,PELLAUD Simon,Li Ning Star,,165,,,,,,,,,,,,,
489,MAEKELE Milkias,INEOS Grenadiers Racing Academy,,164,,,,,,,,,,,,,
490,VAHTRA Norman,China Anta - Mentech Cycling Team,,164,,,,,,,,,,,,,
491,BEISEMBAY Mansur,XDS Astana Development Team,,163,,,,,,,,,,,,,
492,ROULAND Louis,Cofidis,,163,,,,,,,,,,,,,
493,OLIVEIRA Rui,UAE Team Emirates - XRG,,162,75,62,66,71,72,66,70,75,73,72,72,69,73
494,STAUNE-MITTET Johannes,Decathlon CMA CGM Team,,161,68,75,75,70,59,70,68,63,68,72,71,65,73
495,THORNLEY Callum,Red Bull - BORA - hansgrohe,,161,,,,,,,,,,,,,
496,WHITE Conor,Jakroo Handsling Racing,,160,,,,,,,,,,,,,
497,VERVENNE Jonathan,Soudal Quick-Step,,159,,,,,,,,,,,,,
498,MENÉNDEZ Héctor,,,158,,,,,,,,,,,,,
499,FISHER-BLACK Finn,Red Bull - BORA - hansgrohe,Scout,158,73,73,76,69,68,74,76,71,74,70,72,69,76
500,FORMOLO Davide,Movistar Team,Solgt,157,71,72,74,77,69,65,65,66,69,77,71,69,76
501,VANHOUCKE Harm,Pinarello Q36.5 Pro Cycling Team,,118,,,,,,,,,,,,,
502,PITA Cristian David,Roojai Insurance Winspace,,116,,,,,,,,,,,,,
503,TSVETKOV Nikita,Bardiani CSF 7 Saber,,115,,,,,,,,,,,,,
504,VAN ASBROECK Tom,NSN Cycling Team,,114,,,,,,,,,,,,,
505,BARBIER Pierre,Terengganu Cycling Team,,112,,,,,,,,,,,,,
506,JACOBS Johan,Groupama - FDJ United,,112,,,,,,,,,,,,,
507,PETER Jannis,Unibet Rose Rockets,,112,,,,,,,,,,,,,
508,AMAN Awet,Istanbul Team,,112,,,,,,,,,,,,,
509,PALETTI Luca,Bardiani CSF 7 Saber,,112,,,,,,,,,,,,,
510,PACHER Quentin,Groupama - FDJ United,,111,,,,,,,,,,,,,
511,VERVAEKE Louis,Soudal Quick-Step,,111,,,,,,,,,,,,,
512,CHRISTIE-JOHNSTON Alastair,CCACHE x BODYWRAP,,111,,,,,,,,,,,,,
513,CAMARGO Diego Andrés,Team Medellín - EPM,,111,,,,,,,,,,,,,
514,GRANGER Ben,Solution Tech NIPPO Rali,,111,,,,,,,,,,,,,
515,SHMIDT Artem,INEOS Grenadiers,,111,,,,,,,,,,,,,
516,GHEBREIGZABHIER Amanuel,Lidl - Trek,,110,,,,,,,,,,,,,
517,VARGAS Walter,Team Medellín - EPM,,110,,,,,,,,,,,,,
518,KENCH Josh,Groupama - FDJ United,,110,,,,,,,,,,,,,
519,VERGALLITO Luca,Alpecin-Premier Tech,,109,,,,,,,,,,,,,
520,EDDY Patrick,Team Brennan,,109,73,60,64,65,69,68,,,,,,,
521,LOULERGUE Victor,Groupama-FDJ United CT,,109,,,,,,,,,,,,,
522,LAMPAERT Yves,Soudal Quick-Step,,108,76,63,66,70,74,74,74,72,69,74,72,68,70
523,DE POOTER Dries,Team Jayco AlUla,,108,,,,,,,,,,,,,
524,FOX Matthew,Lotto Intermarché,,108,,,,,,,,,,,,,
525,MELLANO Ludovico Maria,XDS Astana Development Team,,108,,,,,,,,,,,,,
526,PRADES Benjamín,VC Fukuoka,,107,,,,,,,,,,,,,
527,CARBONI Giovanni,,,107,,,,,,,,,,,,,
528,PICKERING Finlay,Team Jayco AlUla,,107,,,,,,,,,,,,,
529,UMBA Santiago,Solution Tech NIPPO Rali,,107,,,,,,,,,,,,,
530,MAISONOBE Sam,Cofidis,,107,,,,,,,,,,,,,
531,NEILANDS Krists,NSN Cycling Team,,106,,,,,,,,,,,,,
532,JUARISTI Txomin,Euskaltel - Euskadi,,106,,,,,,,,,,,,,
533,GENIETS Kevin,Groupama - FDJ United,,105,,,,,,,,,,,,,
534,EEKHOFF Nils,Team Picnic PostNL,,105,,,,,,,,,,,,,
535,ZUKOWSKY Nickolas,Pinarello Q36.5 Pro Cycling Team,,105,,,,,,,,,,,,,
536,DEBRUYNE Ramses,Alpecin-Premier Tech,,105,,,,,,,,,,,,,
537,GACHIGNARD Thomas,TotalEnergies,,105,,,,,,,,,,,,,
538,GEENS Jonas,Alpecin-Premier Tech,,105,,,,,,,,,,,,,
539,CALLEJAS Edison Alejandro,Petrolike,,104,,,,,,,,,,,,,
540,TURCONI Filippo,Bardiani CSF 7 Saber,,104,,,,,,,,,,,,,
541,DONATI Davide,Red Bull - BORA - hansgrohe Rookies,,104,,,,,,,,,,,,,
542,WARBASSE Larry,Tudor Pro Cycling Team,,103,,,,,,,,,,,,,
543,BJERG Mikkel,UAE Team Emirates - XRG,Solgt,103,76,73,73,71,76,75,76,70,70,75,70,72,72
544,CADENA Edgar David,Team Storck - MRW Bau,,103,,,,,,,,,,,,,
545,POULARD Athit,Roojai Insurance Winspace,,103,,,,,,,,,,,,,
546,MEIJERS Jeroen,Victoria Sports Pro Cycling,,102,,,,,,,,,,,,,
547,COVILI Luca,Bardiani CSF 7 Saber,,102,,,,,,,,,,,,,
548,ZIJLAARD Maikel,Tudor Pro Cycling Team,,102,,,,,,,,,,,,,
549,SCHRETTL Marco,XDS Astana Team,,102,,,,,,,,,,,,,
550,OOMEN Sam,Lidl - Trek,,101,,,,,,,,,,,,,
551,REINDERS Elmar,Unibet Rose Rockets,,101,,,,,,,,,,,,,
552,MOSCON Gianni,Red Bull - BORA - hansgrohe,,100,,,,,,,,,,,,,
553,MATTHEIS Oliver,BIKE AID,,100,,,,,,,,,,,,,
554,CAMPRUBÍ Marcel,Pinarello Q36.5 Pro Cycling Team,,100,,,,,,,,,,,,,
555,BYSTRØM Sven Erik,Uno-X Mobility,,99,,,,,,,,,,,,,
556,HOWSON Damien,Pinarello Q36.5 Pro Cycling Team,,99,,,,,,,,,,,,,
557,PELLAUD Simon,Li Ning Star,,99,,,,,,,,,,,,,
558,GUERREIRO Ruben,,,99,,,,,,,,,,,,,
559,VADIC Baptiste,TotalEnergies,,99,,,,,,,,,,,,,
560,VERSTRYNGE Emiel,Alpecin-Premier Tech,,99,,,,,,,,,,,,,
561,SWIFT Ben,INEOS Grenadiers,,98,,,,,,,,,,,,,
562,ISIDORE Noa,Decathlon CMA CGM Team,,98,,,,,,,,,,,,,
563,HERZOG Emil,Red Bull - BORA - hansgrohe,,98,,,,,,,,,,,,,
564,BIESTERBOS Frits,Team Picnic PostNL,,98,,,,,,,,,,,,,
565,NØRTOFT Morten Aalling,Team ColoQuick,,97,,,,,,,,,,,,,
566,REMIJN Senna,Alpecin-Premier Tech,,97,,,,,,,,,,,,,
567,DE CASSAN Davide,General Store - Essegibi - F.Lli Curia,,96,,,,,,,,,,,,,
568,SMIT Willie,China Anta - Mentech Cycling Team,,95,,,,,,,,,,,,,
569,SHAW James,EF Education - EasyPost,,95,,,,,,,,,,,,,
570,KNOX James,Team Picnic PostNL,,95,67,74,74,71,64,66,63,63,70,72,70,74,73
571,HEREMANS Joppe,Van Rysel Roubaix,,95,,,,,,,,,,,,,
572,BROWNING Fergus,Terengganu Cycling Team,,95,,,,,,,,,,,,,
573,PAREDES Wilmar,Team Medellín - EPM,,94,,,,,,,,,,,,,
574,HUBY Antoine,,,94,,,,,,,,,,,,,
575,JUNGELS Bob,INEOS Grenadiers,,93,,,,,,,,,,,,,
576,BOIVIN Guillaume,NSN Cycling Team,,93,,,,,,,,,,,,,
577,HAIG Jack,INEOS Grenadiers,Scout,93,68,75,75,72,64,71,69,65,69,74,69,72,75
578,THÉOT Killian,Van Rysel Roubaix,,93,,,,,,,,,,,,,
579,VAN DER LEE Jardi Christiaan,EF Education - EasyPost,,93,,,,,,,,,,,,,
580,WENZEL Mats,Equipo Kern Pharma,,93,,,,,,,,,,,,,
581,KOCKELMANN Mathieu,Lotto Intermarché,,93,,,,,,,,,,,,,
582,PEDERSEN Casper,Soudal Quick-Step,,92,,,,,,,,,,,,,
583,SEVILLA Diego Pablo,Team Polti VisitMalta,,92,,,,,,,,,,,,,
584,SORARRAIN Gorka,Caja Rural - Seguros RGA,,92,,,,,,,,,,,,,
585,GUERNALEC Thibault,TotalEnergies,,91,,,,,,,,,,,,,
586,BURGAUDEAU Mathieu,TotalEnergies,,91,,,,,,,,,,,,,
587,ADAMIETZ Johannes,REMBE | rad-net,,91,,,,,,,,,,,,,
588,REINDERINK Pepijn,Soudal Quick-Step,,91,,,,,,,,,,,,,
589,GUTIÉRREZ Jorge,Equipo Kern Pharma,,91,,,,,,,,,,,,,
590,MINTEGI Iker,Euskaltel - Euskadi,,91,,,,,,,,,,,,,
591,HARDOUIN Louis,Van Rysel Roubaix,,91,,,,,,,,,,,,,
592,PETERS Nans,,,90,,,,,,,,,,,,,
593,LIVYNS Arjen,XDS Astana Team,Scout,90,,,,,,,,,,,,,
594,SAINBAYAR Jambaljamts,Burgos Burpellet BH,,90,,,,,,,,,,,,,
595,COBARRUBIA Leonardo,,,90,,,,,,,,,,,,,
596,WANDAHL Frederik,Red Bull - BORA - hansgrohe,,90,,,,,,,,,,,,,
597,BRAMBILLA Gianluca,,,89,,,,,,,,,,,,,
598,LAU Wan Yau Vincent,Roojai Insurance Winspace,,89,,,,,,,,,,,,,
599,BONNET Thomas,TotalEnergies,,89,,,,,,,,,,,,,
600,CURRIE Logan,,,89,,,,,,,,,,,,,
601,MIMOUNI Oussama Abdellah,Madar Pro Cycling Team,,89,,,,,,,,,,,,,
602,BRAVO Henrique,Soudal Quick-Step Devo Team,,89,,,,,,,,,,,,,
603,OLIVEIRA Nelson,Movistar Team,,88,,,,,,,,,,,,,
604,ANTUNES Tiago,Efapel Cycling,,88,,,,,,,,,,,,,
605,BATSAIKHAN Tegsh-Bayar,Roojai Insurance Winspace,,88,,,,,,,,,,,,,
606,SINSCHEK Nils,Li Ning Star,,88,,,,,,,,,,,,,
607,SOSA Iván Ramiro,Equipo Kern Pharma,,88,,,,,,,,,,,,,
608,VAN DEN BOSSCHE Fabio,Soudal Quick-Step,,88,,,,,,,,,,,,,
609,JUUL-JENSEN Christopher,Team Jayco AlUla,,86,,,,,,,,,,,,,
610,DE VRIES Hartthijs,Unibet Rose Rockets,,86,,,,,,,,,,,,,
611,PONOMAR Andrii,Petrolike,,86,,,,,,,,,,,,,
612,PRIETO José Juan,Petrolike,,86,,,,,,,,,,,,,
613,LANHOVE Milan,Team Flanders - Baloise,,86,,,,,,,,,,,,,
614,LUTSENKO Alexey,NSN Cycling Team,Solgt,85,74,73,74,70,70,73,73,69,69,77,70,70,76
615,BELLETTA Dario Igor,Team Polti VisitMalta,,85,,,,,,,,,,,,,
616,SYELHAN Muhammad,ASC Monsters Indonesia,,85,,,,,,,,,,,,,
617,VADER Milan,Pinarello Q36.5 Pro Cycling Team,,84,,,,,,,,,,,,,
618,JOHANSEN Julius,UAE Team Emirates - XRG,,84,,,,,,,,,,,,,
619,GOLDSTEIN Omer,,,82,,,,,,,,,,,,,
620,MACIEJUK Filip,Movistar Team,,82,,,,,,,,,,,,,
621,BOICHIS Adrien,Red Bull - BORA - hansgrohe,,82,,,,,,,,,,,,,
622,KONRAD Patrick,Lidl - Trek,Scout,81,71,72,74,72,65,69,67,67,71,73,73,72,74
623,KOISHI Yuma,Kinan Racing Team,,81,,,,,,,,,,,,,
624,BAIS Mattia,Team Polti VisitMalta,,81,70,71,73,68,63,63,60,65,68,75,71,70,72
625,KONYCHEV Alexander,China Anta - Mentech Cycling Team,,81,,,,,,,,,,,,,
626,MÄRKL Niklas,Team Picnic PostNL,,81,,,,,,,,,,,,,
627,SLOCK Liam,Lotto Intermarché,,81,,,,,,,,,,,,,
628,CHAVES Esteban,,,80,,,,,,,,,,,,,
629,HOULE Hugo,Alpecin-Premier Tech,Scout,80,,,,,,,,,,,,,
630,RAPP Jonas,FNIX - SCOM - Hengxiang Cycling Team,,80,,,,,,,,,,,,,
631,DE PESTEL Sander,Decathlon CMA CGM Team,,80,,,,,,,,,,,,,
632,PICKRELL Riley,Modern Adventure Pro Cycling,,80,,,,,,,,,,,,,
633,WALSH Liam,CCACHE x BODYWRAP,,80,,,,,,,,,,,,,
634,WALSCHEID Max,Lidl - Trek,Solgt,79,76,60,62,67,75,76,74,75,72,73,72,72,65
635,KLUCKERS Arthur,Tudor Pro Cycling Team,,79,,,,,,,,,,,,,
636,NIYONKURU Samuel,Team Amani,,79,,,,,,,,,,,,,
637,THEUNS Edward,Lidl - Trek,Scout,78,75,61,62,68,73,67,67,75,72,73,75,65,68
638,TIVANI German Nicolás,Aviludo - Louletano - Loulé,,78,,,,,,,,,,,,,
639,TORRES Pablo,UAE Team Emirates - XRG,Scout,78,67,76,74,66,59,69,64,62,69,68,65,66,72
640,LIEPIŅŠ Emīls,Pinarello Q36.5 Pro Cycling Team,Scout,77,75,58,62,75,71,65,66,73,71,72,71,70,69
641,ROTA Lorenzo,Lotto Intermarché,,77,,,,,,,,,,,,,
642,WHITEHOUSE Daniel,St George Continental Cycling Team,,77,,,,,,,,,,,,,
643,MUGISHA Moise,Benediction Banafrica Team,,77,,,,,,,,,,,,,
644,MILESI Nicolas,INEOS Grenadiers Racing Academy,,77,,,,,,,,,,,,,
645,SÜTTERLIN Jasha,Team Jayco AlUla,,76,,,,,,,,,,,,,
646,HESSMANN Michel,Movistar Team,,76,,,,,,,,,,,,,
647,FABBRO Matteo,Solution Tech NIPPO Rali,,75,,,,,,,,,,,,,
648,GRIGNARD Sébastien,Lotto Intermarché,,75,,,,,,,,,,,,,
649,AZPARREN Xabier Mikel,Pinarello Q36.5 Pro Cycling Team,,75,,,,,,,,,,,,,
650,MARTÍN Alex,,,75,,,,,,,,,,,,,
651,YIĞIT Tahir Buğra,Spor Toto Cycling Team,,75,,,,,,,,,,,,,
652,HABTEAB Yoel,BIKE AID,,75,,,,,,,,,,,,,
653,SCHULTZ Nick,NSN Cycling Team,Scout,74,,,,,,,,,,,,,
654,ABERASTURI Jon,,,74,,,,,,,,,,,,,
655,LAGAB Azzedine,Mouloudia Club d'Alger,,74,,,,,,,,,,,,,
656,OTRUBA Jakub,Caja Rural - Seguros RGA,,74,,,,,,,,,,,,,
657,SAMITIER Sergio,Cofidis,,74,,,,,,,,,,,,,
658,DRIZNERS Jarrad,Red Bull - BORA - hansgrohe,,74,,,,,,,,,,,,,
659,O'BRIEN Kelland,Team Jayco AlUla,,74,,,,,,,,,,,,,
660,SYRITSA Gleb,XDS Astana Team,,74,,,,,,,,,,,,,
661,CRAPS Lars,Lotto Intermarché,,74,,,,,,,,,,,,,
662,RACCANI Simone,Team UKYO,,74,,,,,,,,,,,,,
663,PALENI Enzo,Groupama - FDJ United,,74,,,,,,,,,,,,,
664,WALLS Matthew,Team Storck - MRW Bau,Scout,73,,,,,,,,,,,,,
665,FELDHOFFER Bálint,Bahrain Victorious Development Team,,73,,,,,,,,,,,,,
666,THORNLEY Callum,Red Bull - BORA - hansgrohe,,73,,,,,,,,,,,,,
667,PEDRERO Antonio,,,72,,,,,,,,,,,,,
668,ARASHIRO Yukiya,Solution Tech NIPPO Rali,,72,,,,,,,,,,,,,
669,STÜSSI Colin,Team Vorarlberg,,72,,,,,,,,,,,,,
670,BUDIAK Anatolii,Madar Pro Cycling Team,,72,,,,,,,,,,,,,
671,NEUMAN Dominik,ATT Investments,,72,,,,,,,,,,,,,
672,PEÑUELA Francisco Joel,Caja Rural - Seguros RGA,,72,,,,,,,,,,,,,
673,SKERL Daniel,Bahrain - Victorious,,72,,,,,,,,,,,,,
674,TOUZÉ Damien,Cofidis,Scout,71,,,,,,,,,,,,,
675,CONTRERAS Rodrigo,Nu Colombia,,71,,,,,,,,,,,,,
676,DE ROSSI Lucas,China Anta - Mentech Cycling Team,,71,,,,,,,,,,,,,
677,FLYNN Sean,Team Picnic PostNL,,71,,,,,,,,,,,,,
678,GAFFURI Mattia,Team Picnic PostNL,,71,,,,,,,,,,,,,
679,LOZOUET Léandre,CIC Pro Cycling Academy,,71,,,,,,,,,,,,,
680,BEISEMBAY Mansur,XDS Astana Development Team,,71,,,,,,,,,,,,,
681,DILLIER Silvan,Alpecin-Premier Tech,,70,,,,,,,,,,,,,
682,SÉNÉCHAL Florian,Alpecin-Premier Tech,Scout,70,,,,,,,,,,,,,
683,NOVAK Domen,UAE Team Emirates - XRG,,70,,,,,,,,,,,,,
684,BEULLENS Cedric,Lotto Intermarché,Scout,70,,,,,,,,,,,,,
685,LASTRA Jonathan,Euskaltel - Euskadi,,70,,,,,,,,,,,,,
686,DOWNES Brandon,Tshenolo Pro Cycling Team,,70,,,,,,,,,,,,,
687,LEEMREIZE Gijs,Team Picnic PostNL,Scout,70,,,,,,,,,,,,,
688,HENNEQUIN Paul,Euskaltel - Euskadi,,70,,,,,,,,,,,,,
689,VAN TRICHT Stan,Soudal Quick-Step Devo Team,Scout,69,,,,,,,,,,,,,
690,APARICIO Mario,Burgos Burpellet BH,,69,,,,,,,,,,,,,
691,HOBBS Noah,EF Education - EasyPost,,69,,,,,,,,,,,,,
692,JASCH Lennart,Tudor Pro Cycling Team U23,,69,,,,,,,,,,,,,
693,MONK Cyrus,FNIX - SCOM - Hengxiang Cycling Team,,68,,,,,,,,,,,,,
694,SWIFT Connor,INEOS Grenadiers,,68,,,,,,,,,,,,,
695,PĘKALA Piotr,ATT Investments,,68,,,,,,,,,,,,,
696,CATALDO Lorenzo,China Chermin Cycling Team,,68,,,,,,,,,,,,,
697,BELOHVOŠČIKS Kristiāns,BIKE AID,,68,,,,,,,,,,,,,
698,MIKUTIS Aivaras,Tudor Pro Cycling Team,,68,,,,,,,,,,,,,
699,MUÑOZ Francisco,Team Polti VisitMalta,,68,,,,,,,,,,,,,
700,ROMELE Alessandro,XDS Astana Team,,68,,,,,,,,,,,,,
701,CHESINI Cesare,MBH Bank CSB Telecom Fort,,68,,,,,,,,,,,,,
702,NEGRENTE Mattia,XDS Astana Development Team,,68,,,,,,,,,,,,,
703,MOSCA Jacopo,Lidl - Trek,,67,,,,,,,,,,,,,
704,BARTHE Cyril,Groupama - FDJ United,,67,,,,,,,,,,,,,
705,KRIJNSEN Jelte,Team Jayco AlUla,,67,,,,,,,,,,,,,
706,WILKSCH Hannes,Tudor Pro Cycling Team,,67,,,,,,,,,,,,,
707,BOUGLAS Georgios,Burgos Burpellet BH,,66,,,,,,,,,,,,,
708,MEZGEC Luka,Team Jayco AlUla,Scout,66,74,60,64,77,71,61,65,74,72,71,71,73,71
709,STANNARD Robert,Bahrain - Victorious,,66,73,66,71,72,71,66,65,72,73,71,72,64,73
710,HELLEMOSE Asbjørn,Team Jayco AlUla,,66,,,,,,,,,,,,,
711,CARR Simon,Cofidis,Scout,66,,,,,,,,,,,,,
712,PŘIDAL Tomáš,Team United Shipping,,66,,,,,,,,,,,,,
713,TRATNIK Jan,Red Bull - BORA - hansgrohe,,65,75,71,73,72,72,73,72,69,70,75,73,73,73
714,STEWART Mark,Modern Adventure Pro Cycling,,65,,,,,,,,,,,,,
715,DINA Márton,MBH Bank CSB Telecom Fort,,65,,,,,,,,,,,,,
716,TU Sergio,Astemo Utsunomiya Blitzen,,65,,,,,,,,,,,,,
717,PESENTI Thomas,Team Polti VisitMalta,,65,,,,,,,,,,,,,
718,VAN SINTMAARTENSDIJK Roel,Lotto Intermarché,,65,,,,,,,,,,,,,
719,RAISBERG Nadav,NSN Cycling Team,,65,,,,,,,,,,,,,
720,MIHOLJEVIĆ Fran,Bahrain - Victorious,,65,,,,,,,,,,,,,
721,BOULAHOITE Rayan,TotalEnergies,,65,,,,,,,,,,,,,
722,VEISTROFFER Baptiste,Lotto Intermarché,,65,,,,,,,,,,,,,
723,JARNET Maxime,Van Rysel Roubaix,,64,,,,,,,,,,,,,
724,DE JONG Timo,Team Picnic PostNL,,64,,,,,,,,,,,,,
725,YEMANE Even,BIKE AID,,64,,,,,,,,,,,,,
726,ZOMERMAAND Jurgen,Development Team Picnic PostNL,,64,,,,,,,,,,,,,
727,SKAARSETH Anders,Uno-X Mobility,,63,,,,,,,,,,,,,
728,STOLIĆ Mihajlo,Bahrain Victorious Development Team,,63,,,,,,,,,,,,,
729,HUBER Jan,Tudor Pro Cycling Team U23,,63,,,,,,,,,,,,,
730,PERICAS Adrià,UAE Team Emirates - XRG,,63,,,,,,,,,,,,,
731,RICKAERT Jonas,Alpecin-Premier Tech,,62,,,,,,,,,,,,,
732,RESELL Erik Nordsæter,Uno-X Mobility,,62,,,,,,,,,,,,,
733,FRĄTCZAK Radosław,Wibatech Lubelskie Perła Polski,,62,,,,,,,,,,,,,
734,OKAMIKA Ander,Burgos Burpellet BH,,62,,,,,,,,,,,,,
735,BENNETT Sam,Pinarello Q36.5 Pro Cycling Team,,61,,,,,,,,,,,,,
736,MASNADA Fausto,MBH Bank CSB Telecom Fort,,61,,,,,,,,,,,,,
737,HESTERS Jules,Team Flanders - Baloise,,61,,,,,,,,,,,,,
738,GUERNALEC Victor,CIC Pro Cycling Academy,,61,,,,,,,,,,,,,
739,YEMANE Dawit,,,61,,,,,,,,,,,,,
740,THOMPSON Reuben,Lotto Intermarché,,61,,,,,,,,,,,,,
741,DATI Tommaso,Team UKYO,,61,,,,,,,,,,,,,
742,NSENGIYUMVA Shemu,,,61,,,,,,,,,,,,,
743,GONZALEZ Jyven,L39ION of Los Angeles,,61,,,,,,,,,,,,,
744,VERVENNE Jonathan,Soudal Quick-Step,,61,,,,,,,,,,,,,
745,DOULL Owain,Team Visma | Lease a Bike,,60,,,,,,,,,,,,,
746,OGANDO Jonathan,,,60,,,,,,,,,,,,,
747,WALLIN Rasmus Bøgh,Team Cranks,,60,,,,,,,,,,,,,
748,NABERMAN Tim,Team Picnic PostNL,,60,,,,,,,,,,,,,
749,QUICK Blake,FNIX - SCOM - Hengxiang Cycling Team,,60,,,,,,,,,,,,,
750,LEAHY Conor,Team Brennan,,60,,,,,,,,,,,,,
751,RAFFERTY Darren,EF Education - EasyPost,,60,,,,,,,,,,,,,
752,VAN KERCKHOVE Matisse,Team Visma | Lease a Bike Development,,60,,,,,,,,,,,,,
753,FROIDEVAUX Robin,Tudor Pro Cycling Team,,59,,,,,,,,,,,,,
754,FELDMANN Karsten Larsen,Unibet Rose Rockets,,59,,,,,,,,,,,,,
755,BURNETT Josh,Burgos Burpellet BH,,59,,,,,,,,,,,,,
756,ERIKSSON Lucas,,,58,,,,,,,,,,,,,
757,HOPKINS Kaden,Atom 6 Bikes - Cycleur de Luxe - Auto Stroo Continental Team,,58,,,,,,,,,,,,,
758,VANHOOF Ward,Team Flanders - Baloise,,58,,,,,,,,,,,,,
759,GONOV Lev,XDS Astana Team,,58,,,,,,,,,,,,,
760,WALSH Finn,CCACHE x BODYWRAP,,58,,,,,,,,,,,,,
761,RODRIGUEZ Juan Felipe,EF Education - Aevolo,,58,,,,,,,,,,,,,
762,FRAYRE Eder,L39ION of Los Angeles,,57,,,,,,,,,,,,,
763,CLARKE Simon,,,57,,,,,,,,,,,,,
764,GAMPER Patrick,Team Jayco AlUla,Scout,57,,,,,,,,,,,,,
765,MAŁECKI Kamil,Pinarello Q36.5 Pro Cycling Team,,57,,,,,,,,,,,,,
766,BAYER Tobias,Alpecin-Premier Tech,,57,,,,,,,,,,,,,
767,KIM Euro,LX Cycling Team,,57,,,,,,,,,,,,,
768,VERSCHUREN Killian,Unibet Rose Rockets,,57,,,,,,,,,,,,,
769,FAURA José Luis,Burgos Burpellet BH,,57,,,,,,,,,,,,,
770,BANASZEK Norbert,ATT Investments,,56,,,,,,,,,,,,,
771,VANÍČEK Šimon,ATT Investments,,56,,,,,,,,,,,,,
772,RICHARDS Kane,Roojai Insurance Winspace,,56,,,,,,,,,,,,,
773,VOLTR Martin,ATT Investments,,56,,,,,,,,,,,,,
774,LAMBRECHT Michiel,Team Flanders - Baloise,,56,,,,,,,,,,,,,
775,BRUTTOMESSO Alberto,Bahrain - Victorious,,56,,,,,,,,,,,,,
776,FERNÁNDEZ Samuel,Caja Rural - Seguros RGA,,56,,,,,,,,,,,,,
777,VAN GESTEL Dries,Soudal Quick-Step,Scout,55,,,,,,,,,,,,,
778,GRADEK Kamil,Bahrain - Victorious,,55,,,,,,,,,,,,,
779,SMITH Dion,NSN Cycling Team,,55,,,,,,,,,,,,,
780,PETILLI Simone,,,55,,,,,,,,,,,,,
781,PAASSCHENS Mathijs,Bahrain - Victorious,,55,,,,,,,,,,,,,
782,BANASZEK Alan,Wibatech Lubelskie Perła Polski,,55,,,,,,,,,,,,,
783,KOLZE CHANGIZI Sebastian,Tudor Pro Cycling Team,,55,,,,,,,,,,,,,
784,BLUME LEVY William,Uno-X Mobility,,55,,,,,,,,,,,,,
785,SAGRADO Alvaro,Team Storck - MRW Bau,,55,,,,,,,,,,,,,
786,ALEMAYO Tekle,China Chermin Cycling Team,,55,,,,,,,,,,,,,
787,SEVILLA Óscar,Team Medellín - EPM,,54,,,,,,,,,,,,,
788,REIS Rafael,Anicolor / Campicarn,,54,,,,,,,,,,,,,
789,NIZZOLO Giacomo,,,54,,,,,,,,,,,,,
790,FOSS Tobias,INEOS Grenadiers,Scout,54,,,,,,,,,,,,,
791,GAJDULEWICZ Mateusz,ATT Investments,,54,,,,,,,,,,,,,
792,INGEBRIGTSEN Storm,Uno-X Mobility,,54,,,,,,,,,,,,,
793,CROCKETT Finn,VolkerWessels Cycling Team,,53,,,,,,,,,,,,,
794,OLIVER Ben,Modern Adventure Pro Cycling,,53,,,,,,,,,,,,,
795,WEISS Fabian,Tudor Pro Cycling Team,,53,,,,,,,,,,,,,
796,GIMENO Nil,Equipo Kern Pharma,,53,,,,,,,,,,,,,
797,SMITH William,Team Visma | Lease a Bike Development,,53,,,,,,,,,,,,,
798,MARIVOET Duarte,Lotto - Groupe Wanty,,53,,,,,,,,,,,,,
799,CHAMBERLAIN Oscar,Decathlon CMA CGM Team,,53,,,,,,,,,,,,,
800,LAUK Karl Patrick,Wheeltop Rotor Chengdu Team,,52,,,,,,,,,,,,,
801,ZOCCARATO Samuele,MBH Bank CSB Telecom Fort,,52,,,,,,,,,,,,,
802,KONIJN Alexander,Nice Métropole Côte d'Azur,,52,,,,,,,,,,,,,
803,MARSMAN Tim,Alpecin-Premier Tech,,52,,,,,,,,,,,,,
804,MEDHANIE Natan,,,52,,,,,,,,,,,,,
805,KOPECKÝ Tomáš,Unibet Rose Rockets,,52,74,62,69,72,74,69,72,69,70,73,72,65,72
806,BOCK Max,Red Bull - BORA - hansgrohe Rookies,,52,,,,,,,,,,,,,
807,ALMUTAIWEI Mohammad,UAE Team Emirates Gen Z,,52,,,,,,,,,,,,,
808,VILLA Giacomo,Petrolike,,52,,,,,,,,,,,,,
809,PHOUNSAVATH Ariya,Quick Pro Team,,51,,,,,,,,,,,,,
810,KACZMAREK Jakub,Voster Team,,51,,,,,,,,,,,,,
811,CONSONNI Simone,Lidl - Trek,Solgt,51,73,60,64,68,71,65,68,75,76,67,71,66,70
812,HERREGODTS Rune,UAE Team Emirates - XRG,Scout,51,73,69,72,69,65,74,73,68,72,73,72,65,72
813,QUINN Sean,EF Education - EasyPost,Scout,51,72,73,73,74,68,70,72,69,70,71,75,69,74
814,ÄRM Rait,Energus Cycling Team,,51,,,,,,,,,,,,,
815,SEYFOLLAHIFARD Hasan,,,51,,,,,,,,,,,,,
816,SHICHKIN Vlas,Lokomotiv Manas,,51,,,,,,,,,,,,,
817,REMKHI Rudolf,Muğla Büyükşehir Belediyesi Spor Kulübü,,51,,,,,,,,,,,,,
818,SANLAVILLE Mathias,CIC Pro Cycling Academy,,51,,,,,,,,,,,,,
819,MARRIAGE Zac,NSN Development Team,,51,,,,,,,,,,,,,
820,SIMMONS Colby,EF Education - EasyPost,,51,72,64,67,68,70,65,64,70,70,72,70,65,69
821,MUÑOZ Hodei,Soudal Quick-Step Devo Team,,51,,,,,,,,,,,,,
822,MAGAGNOTTI Alessio,Red Bull - BORA - hansgrohe Rookies,,51,,,,,,,,,,,,,
823,DURBRIDGE Luke,Team Jayco AlUla,,50,,,,,,,,,,,,,
824,MULLEN Ryan,NSN Cycling Team,Scout,50,,,,,,,,,,,,,
825,HAMILTON Lucas,INEOS Grenadiers,,50,,,,,,,,,,,,,
826,MILTIADIS Andreas,Quick Pro Team,,50,,,,,,,,,,,,,
827,KYFFIN Zeb,Terengganu Cycling Team,,50,,,,,,,,,,,,,
828,TENE Rotem,NSN Cycling Team,,50,,,,,,,,,,,,,
829,VÉLEZ Cristian Damián,Team Sistecredito,,50,,,,,,,,,,,,,
830,SERRANO Gonzalo,Movistar Team,,49,,,,,,,,,,,,,
831,MIFSUD Andrea,Team Polti VisitMalta,,49,,,,,,,,,,,,,
832,NARRAWAY Nicholas,Competitive Edge Racing,,49,,,,,,,,,,,,,
833,BRENES Sebastian,Canel's - Java,,49,,,,,,,,,,,,,
834,GIDDINGS Joshua,Lotto Intermarché,,49,,,,,,,,,,,,,
835,VANHUFFEL Matteo,Development Team Picnic PostNL,,49,,,,,,,,,,,,,
836,EDMONDSON Alex,,,48,,,,,,,,,,,,,
837,PEREZ Anthony,,,48,,,,,,,,,,,,,
838,ROSLI Muhammad Nur Aiman Bin,Terengganu Cycling Team,,48,,,,,,,,,,,,,
839,ROSENLUND Stian,AIRTOX - Carl Ras,,48,,,,,,,,,,,,,
840,ÁLVAREZ Rodrigo,Burgos Burpellet BH,,48,,,,,,,,,,,,,
841,FRYDKJÆR Patrick Boje,Lidl - Trek Future Racing,,48,,,,,,,,,,,,,
842,LOPES Lucas,Efapel Cycling,,48,,,,,,,,,,,,,
843,DELAPLACE Anthony,,,47,,,,,,,,,,,,,
844,CARSTENSEN Lucas,Kinan Racing Team,,47,,,,,,,,,,,,,
845,GUGLIELMI Simon,St Michel - Preference Home - Auber93,,47,,,,,,,,,,,,,
846,ARCHIBOLD Franklin,Solution Tech NIPPO Rali,,47,,,,,,,,,,,,,
847,CHU Tsun Wai,HKSI Pro Cycling Team,,47,,,,,,,,,,,,,
848,DINHAM Matthew,Team Picnic PostNL,,47,,,,,,,,,,,,,
849,EPIS Giosuè,Petrolike,,47,,,,,,,,,,,,,
850,O'BRIEN Liam,Lidl - Trek Future Racing,,47,,,,,,,,,,,,,
851,SCHWARZBACHER Matthias,EF Education - EasyPost,,47,,,,,,,,,,,,,
852,BIZKARRA Mikel,Euskaltel - Euskadi,,46,,,,,,,,,,,,,
853,HODEG Álvaro José,Team Medellín - EPM,,46,,,,,,,,,,,,,
854,PERSICO Davide,MBH Bank CSB Telecom Fort,,46,,,,,,,,,,,,,
855,ORMISTON Callum,The Joyrun & Hurricane Cycling Team,,46,,,,,,,,,,,,,
856,PIDCOCK Joseph,Pinarello Q36.5 Pro Cycling Team,,46,,,,,,,,,,,,,
857,HOOGENDOORN Roy,Metec - SOLARWATT p/b Mantel,,46,,,,,,,,,,,,,
858,QUINTANA Hector Exequiel,Plus Performance - ZEO Sport,,46,,,,,,,,,,,,,
859,HANSEN Alexander Arnt,AIRTOX - Carl Ras,,46,,,,,,,,,,,,,
860,OOSTERLINCK Joes,Van Rysel Roubaix,,46,,,,,,,,,,,,,
861,HOUCOU Emmanuel,Pinarello Q36.5 Pro Cycling Team,,46,,,,,,,,,,,,,
862,REDAE Bizay Tesfu,Madar Pro Cycling Team,,46,,,,,,,,,,,,,
863,TAILLIEU Aldo,Team Visma | Lease a Bike Development,,46,,,,,,,,,,,,,
864,DESTA Amaniel Teweldemedhn,Team Amani,,46,,,,,,,,,,,,,
865,VAN HOECKE Gijs,,,45,,,,,,,,,,,,,
866,VAN DER HOORN Taco,Lotto Intermarché,,45,,,,,,,,,,,,,
867,MAAS Jan,Cofidis,,45,72,66,71,71,69,64,64,65,68,73,69,70,70
868,GONZÁLEZ Roberto Carlos,Solution Tech NIPPO Rali,,45,,,,,,,,,,,,,
869,DELACROIX Théo,St Michel - Preference Home - Auber93,,45,,,,,,,,,,,,,
870,BENNETT Stéfan,EuroCyclingTrips - CCN,,45,,,,,,,,,,,,,
871,WALKER Max,EF Education - EasyPost,,45,,,,,,,,,,,,,
872,YU Yuanfeng,China Anta - Mentech Cycling Team,,45,,,,,,,,,,,,,
873,ERMAKOV Roman,Bahrain - Victorious,,45,,,,,,,,,,,,,
874,RAFFERTY Adam,Hagens Berman Jayco,,45,,,,,,,,,,,,,
875,DAUMAS Rémi,Groupama-FDJ United CT,,45,,,,,,,,,,,,,
876,ØRN-KRISTOFF Felix,Lotto Intermarché,,45,71,59,63,67,67,65,65,68,67,70,70,64,68
877,VEZIE Maxime,CIC Pro Cycling Academy,,45,,,,,,,,,,,,,
878,KAMZONG Clovis,,,44,,,,,,,,,,,,,
879,SIRIRONNACHAI Sarawut,,,44,,,,,,,,,,,,,
880,GELDERS Gil,Soudal Quick-Step,,44,73,66,70,70,71,66,70,68,72,74,72,69,73
881,SOENENS Viktor,Soudal Quick-Step Devo Team,,44,,,,,,,,,,,,,
882,VAN GILS Lucas,Lotto - Groupe Wanty,,44,66,68,89,65,61,65,62,62,67,65,67,58,69
883,OTTEMA Rick,EEW-VDK Cyclingteam,,43,,,,,,,,,,,,,
884,DE BUYST Jasper,Lotto Intermarché,,43,73,,,,,,,,,,,,
885,SOTO Antonio Jesús,Equipo Kern Pharma,,43,,,,,,,,,,,,,
886,DOUBEY Fabien,TotalEnergies,,43,,,,,,,,,,,,,
887,MURGUIALDAY Jokin,Euskaltel - Euskadi,,43,,,,,,,,,,,,,
888,ROJAS Gabriel Francisco,,,43,,,,,,,,,,,,,
889,DIKE Joshua Ethan,,,43,,,,,,,,,,,,,
890,RAMÍREZ Mateo,UAE Team Emirates Gen Z,,43,,,,,,,,,,,,,
891,DYBALL Benjamin,FNIX - SCOM - Hengxiang Cycling Team,,42,,,,,,,,,,,,,
892,DEGENKOLB John,Team Picnic PostNL,Solgt,42,75,63,64,70,77,66,65,73,70,75,76,71,69
893,KUZMIN Anton,XDS Astana Team,,42,,,,,,,,,,,,,
894,MEENS Johan,Aarco,,42,,,,,,,,,,,,,
895,TARAKCI Mustafa,Konya Büyükşehir Belediye Spor,,42,,,,,,,,,,,,,
896,HERREÑO Martin Santiago,Bardiani CSF 7 Saber,,42,,,,,,,,,,,,,
897,ANGULO Antonio,,,41,,,,,,,,,,,,,
898,GALVÁN Francisco,,,41,,,,,,,,,,,,,
899,BOU Joan,Caja Rural - Seguros RGA,,41,,,,,,,,,,,,,
900,POLLEFLIET Gianluca,Decathlon CMA CGM Team,,41,,,,,,,,,,,,,
901,ROGERS Cameron,INEOS Grenadiers Racing Academy,,41,,,,,,,,,,,,,
902,BOWER Lewis,Groupama - FDJ United,,41,,,,,,,,,,,,,
903,CONFORTI Lorenzo,Bardiani CSF 7 Saber,,41,,,,,,,,,,,,,
904,PRIETO José Antonio,Petrolike,,41,,,,,,,,,,,,,
905,HAVERDINGS David,Alpecin-Premier Tech Development Team,,41,,,,,,,,,,,,,
906,MENÉNDEZ Héctor,,,41,,,,,,,,,,,,,
907,WAITES Thomas,,,41,,,,,,,,,,,,,
908,COMBAUD Romain,,,40,,,,,,,,,,,,,
909,ČERNÝ Josef,Kasper crypto4me,,40,,,,,,,,,,,,,
910,GREGAARD Jonas,,,40,,,,,,,,,,,,,
911,JENNER Samuel,Wheeltop Rotor Chengdu Team,,40,,,,,,,,,,,,,
912,SUNEKÆR NORSGAARD Mathias,Lidl - Trek,,40,,,,,,,,,,,,,
913,FINKŠT Tilen,Solution Tech NIPPO Rali,,40,,,,,,,,,,,,,
914,BALLABIO Giacomo,Team Vorarlberg,,40,,,,,,,,,,,,,
915,BLOEM Joren,Unibet Rose Rockets,,40,,,,,,,,,,,,,
916,MACKELLAR Alastair,EF Education - EasyPost,,40,,,,,,,,,,,,,
917,NG Pak Hang,HKSI Pro Cycling Team,,40,,,,,,,,,,,,,
918,SERRANO Javier,Team Polti VisitMalta,,40,,,,,,,,,,,,,
919,WALTERS Red,,,40,,,,,,,,,,,,,
920,D'AMATO Andrea,Team UKYO,,40,,,,,,,,,,,,,
921,DALBY Simon,Uno-X Mobility,,40,67,72,74,67,63,61,60,63,67,71,68,66,71
922,SODJEDE Ricardo,,,40,,,,,,,,,,,,,
923,HUISING Menno,Team Visma | Lease a Bike,,40,,,,,,,,,,,,,
924,KHADBAATAR Temuulen,Roojai Insurance Winspace,,40,,,,,,,,,,,,,
925,EEMAN Kamiel,Lotto - Groupe Wanty,,40,,,,,,,,,,,,,
926,BOULET Eliott,Groupama-FDJ United CT,,40,,,,,,,,,,,,,
927,TESFAY Amanuel,,,40,,,,,,,,,,,,,
928,ABU HARRAH Majid,,,40,,,,,,,,,,,,,
929,MARCHAND Gianni,Tarteletto - Isorex,,39,,,,,,,,,,,,,
930,MANSOURI Islam,Madar Pro Cycling Team,,39,,,,,,,,,,,,,
931,BATTISTELLA Samuele,EF Education - EasyPost,Scout,39,,,,,,,,,,,,,
932,VANDENABEELE Henri,Team Flanders - Baloise,,39,,,,,,,,,,,,,
933,RUIZ Robinson Steven,,,39,,,,,,,,,,,,,
934,SILVA Pedro,Feira dos Sofás - Boavista,,39,,,,,,,,,,,,,
935,THIERRY Pierre,TotalEnergies,,39,,,,,,,,,,,,,
936,SAVINO Federico,Soudal Quick-Step Devo Team,,39,,,,,,,,,,,,,
937,SENTJENS Sente,Alpecin-Premier Tech,,39,,,,,,,,,,,,,
938,STOSZ Patryk,Voster Team,,38,,,,,,,,,,,,,
939,VAN LERBERGHE Bert,Soudal Quick-Step,,38,76,60,61,68,74,64,66,75,72,72,72,66,65
940,OKA Atsushi,Astemo Utsunomiya Blitzen,,38,,,,,,,,,,,,,
941,DAVY Clément,Nice Métropole Côte d'Azur,,38,,,,,,,,,,,,,
942,NIELSEN Sebastian,Team ColoQuick,,38,,,,,,,,,,,,,
943,GEORGE Alfred,Elite Fondations Cycling Team,,38,,,,,,,,,,,,,
944,CRETTI Luca,MBH Bank CSB Telecom Fort,,38,,,,,,,,,,,,,
945,DEWEIRDT Siebe,Team Flanders - Baloise,,38,,,,,,,,,,,,,
946,BÉNÉTEAU Lucas,St Michel - Preference Home - Auber93,,38,,,,,,,,,,,,,
947,ANDERSEN Kasper,Swatt Club,,38,,,,,,,,,,,,,
948,TUCKWELL Luke,Red Bull - BORA - hansgrohe,,38,,,,,,,,,,,,,
949,MATTIO Pietro,Team Visma | Lease a Bike,,38,,,,,,,,,,,,,
950,TAKHIROV Diyor,7 Saber Uzbekistan Cycling Team,,38,,,,,,,,,,,,,
951,BORREMANS Kasper,Bahrain Victorious Development Team,,38,,,,,,,,,,,,,
952,PRINGLE Nate,Decathlon CMA CGM Development Team,,38,,,,,,,,,,,,,
953,THOMAS Geraint,,,37,,,,,,,,,,,,,
954,TAMINIAUX Lionel,Lotto Intermarché,,37,,,,,,,,,,,,,
955,FERRON Valentin,Cofidis,,37,,,,,,,,,,,,,
956,PROĆ Bartłomiej,Wibatech Lubelskie Perła Polski,,37,,,,,,,,,,,,,
957,PARISINI Nicolò,Pinarello Q36.5 Pro Cycling Team,,37,,,,,,,,,,,,,
958,DARBELLAY Valentin,Elite Fondations Cycling Team,,37,,,,,,,,,,,,,
959,RUIZ Sebastian,,,37,,,,,,,,,,,,,
960,MORA Luis Guillermo,,,36,,,,,,,,,,,,,
961,VÁSQUEZ Juan Mardoqueo,Hino One La Red Suzuki,,36,,,,,,,,,,,,,
962,LINAREZ Leangel Rubén,Tavfer-Ovos Matinados-Mortágua,,36,,,,,,,,,,,,,
963,JOUSSEAUME Alan,TotalEnergies,,36,,,,,,,,,,,,,
964,LABIB SHOTORBAN Ali,Qinghai Tianyoude Hotel Cycling Team,,36,,,,,,,,,,,,,
965,VAN BEKKUM Darren,XDS Astana Team,,36,,,,,,,,,,,,,
966,XUE Ming,Li Ning Star,,36,,,,,,,,,,,,,
967,MEEHAN Jamie,Cofidis,,36,,,,,,,,,,,,,
968,KURITS Karl,Lucky Sport Cycling Team,,36,,,,,,,,,,,,,
969,FOUGNER Eivind Broholt,Unibet Rose Rockets,,36,,,,,,,,,,,,,
970,PATTINSON Tomos,EF Education - Aevolo,,36,,,,,,,,,,,,,
971,JANSSENS Jimmy,,,35,,,,,,,,,,,,,
972,ROOSEN Timo,Team Picnic PostNL,,35,,,,,,,,,,,,,
973,KRUIJSWIJK Steven,Team Visma | Lease a Bike,,35,,,,,,,,,,,,,
974,GARCÍA PIERNA Carlos,Burgos Burpellet BH,,35,,,,,,,,,,,,,
975,BAX Sjoerd,Pinarello Q36.5 Pro Cycling Team,,35,73,69,72,71,70,73,72,69,69,72,72,66,
976,WILLIAMS Cory,L39ION of Los Angeles,,35,,,,,,,,,,,,,
977,MORO Manlio,Movistar Team,,35,,,,,,,,,,,,,
978,OSES Luis Daniel,,,35,,,,,,,,,,,,,
979,ROJAS Vicente,Bardiani CSF 7 Saber,,35,,,,,,,,,,,,,
980,TONEATTI Davide,XDS Astana Team,,35,,,,,,,,,,,,,
981,DRIESEN Niels,Lotto - Groupe Wanty,,35,,,,,,,,,,,,,
982,EL ALOUANI Driss,,,35,,,,,,,,,,,,,
983,TONELLI Alessandro,Team Polti VisitMalta,,34,,,,,,,,,,,,,
984,ABREU Jorge,Fina Arroz CES Multimarcas Bancamiga,,34,,,,,,,,,,,,,
985,TEUGELS Lennert,Tarteletto - Isorex,,34,,,,,,,,,,,,,
986,DUARTE Emanuel,Credibom / LA Alumínios / Marcos Car,,34,,,,,,,,,,,,,
987,DESAL Ceriel,Soudal Quick-Step Devo Team,,34,,,,,,,,,,,,,
988,RASENBERG Martijn,Unibet Rose Rockets,,34,,,,,,,,,,,,,
989,MOURIS Wessel,Unibet Rose Rockets,,34,,,,,,,,,,,,,
990,LOZANO Juan Pedro,Terengganu Cycling Team,,34,,,,,,,,,,,,,
991,KOECH Silas,Team Lotto Kern-Haus Outlet Montabaur,,34,,,,,,,,,,,,,
992,ROTTMANN Jonathan Malte,Team Lotto Kern-Haus Outlet Montabaur,,34,,,,,,,,,,,,,
993,CAPRA Thomas,Bahrain Victorious Development Team,,34,,,,,,,,,,,,,
994,BORGO Alessandro,Bahrain - Victorious,,34,,,,,,,,,,,,,
995,PHẠM Lê Xuân Lộc,Quick Pro Team,,34,,,,,,,,,,,,,
996,BAUDRY Julian,Team Brennan,,34,,,,,,,,,,,,,
997,CISNEROS Jose Said,Soudal Quick-Step Devo Team,,34,,,,,,,,,,,,,
998,GOGL Michael,Alpecin-Premier Tech,,33,,,,,,,,,,,,,
999,FRISON Frederik,Pinarello Q36.5 Pro Cycling Team,,33,75,61,64,69,73,71,70,67,64,74,71,66,69
1000,KOCH Jonas,,,33,,,,,,,,,,,,,
